"","X","SpawnBio_om","Recruit_0_om","F_om","SPRratio_om","SpawnBio_em","Recruit_0_em","F_em","SPRratio_em","scenario","replicate","D","F","species","year","ID","F_re","Recruit_0_re","SpawnBio_re","SPRratio_re"
"1",1,4084180000,155131000,0,0,3820900000,120022000,0,0,"D0-F1-cod",1,"D0","F1","cod",1,"D0-F1-cod-1",NA,-0.226318401866809,-0.0644633684117742,NA
"2",2,4084200000,174064000,0,0,3820900000,119613000,0,0,"D0-F1-cod",1,"D0","F1","cod",2,"D0-F1-cod-1",NA,-0.312821720746392,-0.0644679496596641,NA
"3",3,4091160000,105101000,0,0,3820670000,119194000,0,0,"D0-F1-cod",1,"D0","F1","cod",3,"D0-F1-cod-1",NA,0.134090065746282,-0.0661157226801201,NA
"4",4,4121110000,28647400,0,0,3819740000,118764000,0,0,"D0-F1-cod",1,"D0","F1","cod",4,"D0-F1-cod-1",NA,3.14571653972088,-0.0731283561952969,NA
"5",5,4159120000,141111000,0,0,3817880000,118320000,0,0,"D0-F1-cod",1,"D0","F1","cod",5,"D0-F1-cod-1",NA,-0.161511150796182,-0.0820462020812095,NA
"6",6,4145520000,53683200,0,0,3814900000,117860000,0,0,"D0-F1-cod",1,"D0","F1","cod",6,"D0-F1-cod-1",NA,1.19547269909394,-0.0797535652945831,NA
"7",7,4080190000,73189400,0,0,3810750000,117381000,0,0,"D0-F1-cod",1,"D0","F1","cod",7,"D0-F1-cod-1",NA,0.603797817716773,-0.0660361404738505,NA
"8",8,3998250000,110772000,0,0,3805390000,116880000,0,0,"D0-F1-cod",1,"D0","F1","cod",8,"D0-F1-cod-1",NA,0.0551402881594627,-0.0482361032951916,NA
"9",9,3871510000,140683000,0,0,3798870000,116355000,0,0,"D0-F1-cod",1,"D0","F1","cod",9,"D0-F1-cod-1",NA,-0.172927788005658,-0.0187627049910758,NA
"10",10,3735570000,169028000,0,0,3791240000,115800000,0,0,"D0-F1-cod",1,"D0","F1","cod",10,"D0-F1-cod-1",NA,-0.314906406039236,0.0149026788415155,NA
"11",11,3626460000,83293400,0,0,3782540000,115210000,0,0,"D0-F1-cod",1,"D0","F1","cod",11,"D0-F1-cod-1",NA,0.383182821207923,0.0430392173083393,NA
"12",12,3571810000,52935500,0,0,3772840000,114564000,0,0,"D0-F1-cod",1,"D0","F1","cod",12,"D0-F1-cod-1",NA,1.16421871900709,0.0562823890408504,NA
"13",13,3556850000,95885100,0,0,3762160000,113860000,0,0,"D0-F1-cod",1,"D0","F1","cod",13,"D0-F1-cod-1",NA,0.187462911338675,0.0577224229304019,NA
"14",14,3523560000,94655500,0,0,3750540000,113075000,0,0,"D0-F1-cod",1,"D0","F1","cod",14,"D0-F1-cod-1",NA,0.19459513710244,0.0644178047202261,NA
"15",15,3466330000,39072400,0,0,3737960000,112183000,0,0,"D0-F1-cod",1,"D0","F1","cod",15,"D0-F1-cod-1",NA,1.87115713393598,0.0783624178886603,NA
"16",16,3404560000,71623000,0,0,3724360000,111152000,0,0,"D0-F1-cod",1,"D0","F1","cod",16,"D0-F1-cod-1",NA,0.551903718079388,0.0939328430105506,NA
"17",17,3323490000,76418200,0,0,3709670000,109945000,0,0,"D0-F1-cod",1,"D0","F1","cod",17,"D0-F1-cod-1",NA,0.438727947007388,0.11619713012526,NA
"18",18,3212890000,102150000,0,0,3693730000,108528000,0,0,"D0-F1-cod",1,"D0","F1","cod",18,"D0-F1-cod-1",NA,0.0624375917767988,0.149659652213428,NA
"19",19,3098050000,113287000,0,0,3676330000,106877000,0,0,"D0-F1-cod",1,"D0","F1","cod",19,"D0-F1-cod-1",NA,-0.0565819555641865,0.186659350236439,NA
"20",20,2994830000,94402900,0,0,3657160000,104992000,0,0,"D0-F1-cod",1,"D0","F1","cod",20,"D0-F1-cod-1",NA,0.112169223614953,0.221157795267177,NA
"21",21,2923790000,170622000,0,0,3635850000,102894000,0,0,"D0-F1-cod",1,"D0","F1","cod",21,"D0-F1-cod-1",NA,-0.3969476386398,0.243540062726803,NA
"22",22,2884300000,163676000,0,0,3611950000,100443000,0,0,"D0-F1-cod",1,"D0","F1","cod",22,"D0-F1-cod-1",NA,-0.386330311102422,0.252279582567694,NA
"23",23,2886440000,158977000,0,0,3584990000,168243000,0,0,"D0-F1-cod",1,"D0","F1","cod",23,"D0-F1-cod-1",NA,0.0582851607465231,0.242010920026053,NA
"24",24,2957230000,200778000,0,0,3554470000,141747000,0,0,"D0-F1-cod",1,"D0","F1","cod",24,"D0-F1-cod-1",NA,-0.294011296058333,0.201959265934675,NA
"25",25,3078250000,156616000,0,0,3540920000,131981000,0,0,"D0-F1-cod",1,"D0","F1","cod",25,"D0-F1-cod-1",NA,-0.157295550901568,0.150302931860635,NA
"26",26,3245730000,73143400,0,0,3569560000,81346300,0,0,"D0-F1-cod",1,"D0","F1","cod",26,"D0-F1-cod-1",NA,0.112148191087644,0.0997710838547877,NA
"27",27,3449570000,140818000,0.00432479,0.0369001,3619460000,111543000,0.00420661,0.0360682,"D0-F1-cod",1,"D0","F1","cod",27,"D0-F1-cod-1",-0.0273261823117423,-0.207892456930222,0.0492496166188829,-0.0225446543505301
"28",28,3611040000,174266000,0.00864957,0.0718476,3649790000,127769000,0.0086788,0.072374,"D0-F1-cod",1,"D0","F1","cod",28,"D0-F1-cod-1",0.00337935874268893,-0.266816246427875,0.01073098054854,0.00732661912158508
"29",29,3701030000,127594000,0.0129744,0.104977,3638080000,83941400,0.0133646,0.108318,"D0-F1-cod",1,"D0","F1","cod",29,"D0-F1-cod-1",0.0300746084597361,-0.342121102873176,-0.0170087786372983,0.0318260190327405
"30",30,3762350000,112706000,0.0172991,0.13641,3603660000,181119000,0.0182937,0.143984,"D0-F1-cod",1,"D0","F1","cod",30,"D0-F1-cod-1",0.0574943205137839,0.60700406367008,-0.0421784257179688,0.0555237885785499
"31",31,3798710000,86725000,0.0216239,0.16626,3543140000,73420900,0.0234807,0.179319,"D0-F1-cod",1,"D0","F1","cod",31,"D0-F1-cod-1",0.0858679516645933,-0.153405592389738,-0.0672781023031503,0.0785456513893902
"32",32,3789300000,198747000,0.0259487,0.19463,3469430000,195145000,0.0283787,0.210772,"D0-F1-cod",1,"D0","F1","cod",32,"D0-F1-cod-1",0.093646309834404,-0.0181235440031799,-0.0844140078642493,0.0829368545445203
"33",33,3727270000,144100000,0.0302735,0.221615,3403380000,136198000,0.0331644,0.239839,"D0-F1-cod",1,"D0","F1","cod",33,"D0-F1-cod-1",0.0954927576923712,-0.0548369188063845,-0.08689738065662,0.0822327008550865
"34",34,3643580000,77178100,0.0345983,0.247302,3329330000,77508400,0.0377591,0.266305,"D0-F1-cod",1,"D0","F1","cod",34,"D0-F1-cod-1",0.0913570897992097,0.00427971147255504,-0.0862475916543619,0.0768412709965953
"35",35,3582480000,79536500,0.0389231,0.271773,3290950000,75602600,0.04223,0.290791,"D0-F1-cod",1,"D0","F1","cod",35,"D0-F1-cod-1",0.0849598310514834,-0.0494603106749731,-0.0813765882852102,0.0699775180021563
"36",36,3497910000,131731000,0.0432479,0.295101,3234060000,98355900,0.0466127,0.313658,"D0-F1-cod",1,"D0","F1","cod",36,"D0-F1-cod-1",0.0778026216301832,-0.253357979518868,-0.0754307572235992,0.0628835551218057
"37",37,3365380000,70376100,0.0475726,0.317357,3131310000,90621900,0.0509918,0.335451,"D0-F1-cod",1,"D0","F1","cod",37,"D0-F1-cod-1",0.0718733052219134,0.28768005047168,-0.0695523239574729,0.0570146554196063
"38",38,3211050000,116190000,0.0518974,0.338603,2994930000,96092500,0.0557022,0.357787,"D0-F1-cod",1,"D0","F1","cod",38,"D0-F1-cod-1",0.0733138847032799,-0.17297099578277,-0.0673050871210352,0.0566563202334298
"39",39,3049210000,107889000,0.0562222,0.358898,2842120000,127967000,0.0602211,0.378204,"D0-F1-cod",1,"D0","F1","cod",39,"D0-F1-cod-1",0.0711267079552205,0.18609867549055,-0.0679159520006822,0.0537924424209664
"40",40,2874020000,90040500,0.060547,0.378299,2682100000,88096500,0.0649107,0.398409,"D0-F1-cod",1,"D0","F1","cod",40,"D0-F1-cod-1",0.0720712834657374,-0.0215902843720326,-0.0667775450414402,0.0531590091435611
"41",41,2714600000,58023600,0.0648718,0.396855,2535980000,77711500,0.0691912,0.416028,"D0-F1-cod",1,"D0","F1","cod",41,"D0-F1-cod-1",0.0665836311001082,0.33930848827029,-0.0657997495026892,0.04831235589825
"42",42,2563840000,74168400,0.0691966,0.414614,2410930000,77265100,0.0733,0.432243,"D0-F1-cod",1,"D0","F1","cod",42,"D0-F1-cod-1",0.059300601474639,0.041752282643282,-0.0596410072391413,0.0425190659263797
"43",43,2406940000,134381000,0.0735214,0.43162,2284670000,133975000,0.0768894,0.445877,"D0-F1-cod",1,"D0","F1","cod",43,"D0-F1-cod-1",0.0458097914348747,-0.0030212604460452,-0.0507989397326065,0.0330313701867384
"44",44,2239150000,122544000,0.0778462,0.447915,2155780000,110025000,0.0802414,0.458183,"D0-F1-cod",1,"D0","F1","cod",44,"D0-F1-cod-1",0.0307683612045289,-0.102159224441833,-0.0372328785476632,0.0229239922753201
"45",45,2093020000,116798000,0.0821709,0.463537,2044020000,109497000,0.0835433,0.469921,"D0-F1-cod",1,"D0","F1","cod",45,"D0-F1-cod-1",0.0167017764196327,-0.0625096320142468,-0.0234111475284517,0.0137723633712088
"46",46,1992620000,72443700,0.0864957,0.478522,1967880000,75292000,0.0872705,0.48273,"D0-F1-cod",1,"D0","F1","cod",46,"D0-F1-cod-1",0.00895767072814031,0.0393174285686678,-0.0124158143549698,0.00879374407028306
"47",47,1923330000,192838000,0.0908205,0.492904,1908940000,169253000,0.0913793,0.496334,"D0-F1-cod",1,"D0","F1","cod",47,"D0-F1-cod-1",0.00615279589960414,-0.122304732469741,-0.00748181539309427,0.00695875870352034
"48",48,1861720000,106913000,0.0951453,0.506713,1851950000,96402200,0.0955397,0.509585,"D0-F1-cod",1,"D0","F1","cod",48,"D0-F1-cod-1",0.00414523891353544,-0.0983117113915052,-0.0052478353350665,0.00566790273784171
"49",49,1819380000,124820000,0.0994701,0.519979,1806530000,113145000,0.100536,0.524835,"D0-F1-cod",1,"D0","F1","cod",49,"D0-F1-cod-1",0.010715782933766,-0.0935346899535331,-0.00706284558475964,0.00933883868387008
"50",50,1816890000,86986100,0.103795,0.532729,1788440000,91201400,0.105955,0.540609,"D0-F1-cod",1,"D0","F1","cod",50,"D0-F1-cod-1",0.0208102509754805,0.0484594665124658,-0.0156586254533846,0.0147917609140858
"51",51,1806920000,202567000,0.10812,0.544991,1759340000,169605000,0.111657,0.556391,"D0-F1-cod",1,"D0","F1","cod",51,"D0-F1-cod-1",0.0327136514983353,-0.162721469933405,-0.0263321010338034,0.0209177766238341
"52",52,1785120000,111085000,0.112444,0.556787,1720960000,107212000,0.117012,0.570505,"D0-F1-cod",1,"D0","F1","cod",52,"D0-F1-cod-1",0.0406246665006581,-0.0348651933204303,-0.0359415613516178,0.0246377878793866
"53",53,1768670000,63709400,0.116769,0.56814,1687240000,74735200,0.123329,0.586325,"D0-F1-cod",1,"D0","F1","cod",53,"D0-F1-cod-1",0.0561792941619779,0.173063943468311,-0.046040244929806,0.0320079557855458
"54",54,1778150000,55079900,0.121094,0.579073,1671510000,70105500,0.129527,0.60103,"D0-F1-cod",1,"D0","F1","cod",54,"D0-F1-cod-1",0.069640114291377,0.272796428461199,-0.0599724432696904,0.0379174991754062
"55",55,1749080000,114790000,0.125419,0.589604,1629500000,110534000,0.134788,0.612923,"D0-F1-cod",1,"D0","F1","cod",55,"D0-F1-cod-1",0.0747016002360088,-0.0370764003833087,-0.0683673702746587,0.0395502744214761
"56",56,1668710000,91373300,0.129744,0.599753,1554050000,92658200,0.138856,0.621764,"D0-F1-cod",1,"D0","F1","cod",56,"D0-F1-cod-1",0.0702306079664571,0.0140620947257021,-0.0687117593829965,0.0367001082112136
"57",57,1567800000,75231600,0.134068,0.609539,1468260000,82096200,0.142636,0.629719,"D0-F1-cod",1,"D0","F1","cod",57,"D0-F1-cod-1",0.0639078676492528,0.0912462316367059,-0.0634902411021814,0.0331069874117981
"58",58,1477520000,51540700,0.138393,0.618977,1392880000,39170500,0.14613,0.636854,"D0-F1-cod",1,"D0","F1","cod",58,"D0-F1-cod-1",0.0559060068067028,-0.24000838172551,-0.0572851805728518,0.0288815254847919
"59",59,1386670000,168083000,0.142718,0.628083,1319270000,150987000,0.149113,0.642788,"D0-F1-cod",1,"D0","F1","cod",59,"D0-F1-cod-1",0.0448086436188847,-0.101711654361238,-0.0486056523902587,0.0234125107668892
"60",60,1287710000,60402800,0.147043,0.636874,1234780000,75508300,0.153233,0.650751,"D0-F1-cod",1,"D0","F1","cod",60,"D0-F1-cod-1",0.0420965295865835,0.250079466514797,-0.0411039752739359,0.0217892393157829
"61",61,1212560000,190382000,0.151368,0.645362,1159870000,158992000,0.158702,0.660926,"D0-F1-cod",1,"D0","F1","cod",61,"D0-F1-cod-1",0.0484514560541198,-0.164879032681661,-0.0434535198258231,0.0241166972954714
"62",62,1174930000,92368900,0.155692,0.653561,1120170000,107258000,0.162991,0.668604,"D0-F1-cod",1,"D0","F1","cod",62,"D0-F1-cod-1",0.0468810215039951,0.161191699803722,-0.0466070319082839,0.0230169792873198
"63",63,1155940000,45106200,0.160017,0.661484,1098210000,49998500,0.169451,0.679696,"D0-F1-cod",1,"D0","F1","cod",63,"D0-F1-cod-1",0.0589562358999356,0.108461807911108,-0.0499420385141097,0.0275320340325692
"64",64,1174470000,126405000,0.164342,0.669143,1106310000,105456000,0.174246,0.687578,"D0-F1-cod",1,"D0","F1","cod",64,"D0-F1-cod-1",0.0602645702255055,-0.165729203749852,-0.0580346879869218,0.0275501649124327
"65",65,1156460000,95918100,0.168667,0.67655,1091710000,121858000,0.178334,0.694076,"D0-F1-cod",1,"D0","F1","cod",65,"D0-F1-cod-1",0.0573141159800078,0.270438009093174,-0.0559898310360929,0.025904958983076
"66",66,1117010000,124962000,0.168667,0.67655,1052800000,125383000,0.179545,0.695963,"D0-F1-cod",1,"D0","F1","cod",66,"D0-F1-cod-1",0.0644939436878583,0.00336902418335174,-0.0574838184080715,0.0286941098218905
"67",67,1092940000,140680000,0.165867,0.671783,1029540000,123568000,0.174633,0.688202,"D0-F1-cod",1,"D0","F1","cod",67,"D0-F1-cod-1",0.0528495722476443,-0.12163775945408,-0.0580086738521785,0.0244409280973171
"68",68,1079740000,65129100,0.163067,0.666912,1031910000,70644800,0.169329,0.679491,"D0-F1-cod",1,"D0","F1","cod",68,"D0-F1-cod-1",0.0384013932923278,0.0846887182534382,-0.0442977012984607,0.0188615589463078
"69",69,1093710000,82066500,0.160267,0.661933,1054780000,77750100,0.16595,0.673753,"D0-F1-cod",1,"D0","F1","cod",69,"D0-F1-cod-1",0.035459576831163,-0.0525963700169984,-0.035594444596831,0.0178567921526802
"70",70,1109450000,54189100,0.157467,0.656845,1072810000,55689100,0.162382,0.667531,"D0-F1-cod",1,"D0","F1","cod",70,"D0-F1-cod-1",0.0312128890497692,0.0276808435644807,-0.0330253729325341,0.0162686783031004
"71",71,1098620000,90626800,0.154667,0.651642,1065910000,88332800,0.159251,0.661925,"D0-F1-cod",1,"D0","F1","cod",71,"D0-F1-cod-1",0.0296378671597691,-0.0253126006876553,-0.0297737161165826,0.01578013694636
"72",72,1069700000,79134700,0.151867,0.646323,1039310000,78350400,0.156069,0.656083,"D0-F1-cod",1,"D0","F1","cod",72,"D0-F1-cod-1",0.0276689471708799,-0.0099109493054248,-0.0284098345330466,0.0151008087287625
"73",73,1029890000,111572000,0.149067,0.640883,1002360000,113280000,0.152965,0.650241,"D0-F1-cod",1,"D0","F1","cod",73,"D0-F1-cod-1",0.0261493154085075,0.0153085003405872,-0.0267310101078756,0.0146017291767764
"74",74,999653000,110666000,0.146267,0.635319,974389000,110279000,0.149814,0.64416,"D0-F1-cod",1,"D0","F1","cod",74,"D0-F1-cod-1",0.0242501726295063,-0.00349700901812662,-0.0252727696510689,0.0139158438516713
"75",75,984619000,101341000,0.143467,0.629627,962534000,99106600,0.146275,0.637146,"D0-F1-cod",1,"D0","F1","cod",75,"D0-F1-cod-1",0.0195724452313074,-0.0220483318696283,-0.0224299957648593,0.0119419910518449
"76",76,996398000,176674000,0.140667,0.623804,979093000,169459000,0.14266,0.629768,"D0-F1-cod",1,"D0","F1","cod",76,"D0-F1-cod-1",0.0141682128715336,-0.0408379274822555,-0.0173675579437133,0.00956069534661523
"77",77,1023320000,69916000,0.137867,0.617846,1010530000,70746400,0.139259,0.622624,"D0-F1-cod",1,"D0","F1","cod",77,"D0-F1-cod-1",0.0100966873871195,0.0118771096744665,-0.0124985341828558,0.0077333186586948
"78",78,1077590000,51673900,0.135067,0.611748,1066300000,44073900,0.136381,0.61642,"D0-F1-cod",1,"D0","F1","cod",78,"D0-F1-cod-1",0.00972850511227768,-0.147076183527854,-0.0104770831206674,0.00763713162936374
"79",79,1148050000,49439700,0.132267,0.605505,1136960000,46000700,0.133408,0.609853,"D0-F1-cod",1,"D0","F1","cod",79,"D0-F1-cod-1",0.00862649035662715,-0.0695594835729181,-0.00965985802012108,0.00718078298279951
"80",80,1173570000,114027000,0.129467,0.599115,1162230000,109500000,0.130903,0.604193,"D0-F1-cod",1,"D0","F1","cod",80,"D0-F1-cod-1",0.0110916295272154,-0.0397011234181378,-0.00966282369181216,0.00847583519023898
"81",81,1157540000,44685700,0.126667,0.592571,1142310000,43187500,0.128606,0.598894,"D0-F1-cod",1,"D0","F1","cod",81,"D0-F1-cod-1",0.0153078544530146,-0.0335275043246497,-0.013157212709712,0.0106704513045695
"82",82,1131390000,144064000,0.123867,0.585869,1110930000,136659000,0.126409,0.59373,"D0-F1-cod",1,"D0","F1","cod",82,"D0-F1-cod-1",0.0205220115123478,-0.0514007663260773,-0.018083949831623,0.0134176752823584
"83",83,1110180000,104100000,0.121067,0.579005,1084940000,111834000,0.124115,0.588233,"D0-F1-cod",1,"D0","F1","cod",83,"D0-F1-cod-1",0.0251761421361726,0.0742939481268012,-0.0227350519735538,0.0159376862030553
"84",84,1096580000,64594800,0.118267,0.571972,1066070000,62870400,0.121857,0.582714,"D0-F1-cod",1,"D0","F1","cod",84,"D0-F1-cod-1",0.0303550440951406,-0.0266956473276487,-0.0278228674606504,0.0187806396117291
"85",85,1123550000,46550800,0.115467,0.564766,1090340000,45431200,0.118652,0.574695,"D0-F1-cod",1,"D0","F1","cod",85,"D0-F1-cod-1",0.0275836386153619,-0.0240511441264167,-0.0295580971029327,0.0175807325511804
"86",86,1149490000,75626000,0.112667,0.557381,1120270000,73175900,0.115328,0.566138,"D0-F1-cod",1,"D0","F1","cod",86,"D0-F1-cod-1",0.023618273318718,-0.032397588131066,-0.0254199688557534,0.0157109768721934
"87",87,1151010000,74677600,0.109867,0.54981,1126090000,74471100,0.112062,0.557484,"D0-F1-cod",1,"D0","F1","cod",87,"D0-F1-cod-1",0.0199787015209297,-0.00276522009277213,-0.0216505503861826,0.0139575489714628
"88",88,1134250000,59743200,0.107067,0.542049,1113050000,57033600,0.108931,0.548947,"D0-F1-cod",1,"D0","F1","cod",88,"D0-F1-cod-1",0.0174096593721689,-0.0453541156148315,-0.01869076482257,0.0127257867831136
"89",89,1117980000,98286800,0.104267,0.53409,1099750000,99117700,0.105807,0.540187,"D0-F1-cod",1,"D0","F1","cod",89,"D0-F1-cod-1",0.0147697737539202,0.00845383103326184,-0.0163061951018802,0.0114156790054111
"90",90,1100220000,164192000,0.101467,0.525928,1084650000,149105000,0.102818,0.531574,"D0-F1-cod",1,"D0","F1","cod",90,"D0-F1-cod-1",0.0133146737362887,-0.0918863282011304,-0.0141517151115232,0.0107353097762432
"91",91,1089650000,87209000,0.0986667,0.517554,1.076e+09,80428300,0.0997473,0.522475,"D0-F1-cod",1,"D0","F1","cod",91,"D0-F1-cod-1",0.0109520233270192,-0.0777522962079602,-0.0125269581975864,0.00950818658536127
"92",92,1123310000,69286200,0.0958667,0.508962,1108230000,73029200,0.0973932,0.515325,"D0-F1-cod",1,"D0","F1","cod",92,"D0-F1-cod-1",0.0159231516261642,0.0540223016993283,-0.0134246111937043,0.0125019156636448
"93",93,1195910000,87489200,0.0930667,0.500145,1172560000,87133600,0.0951872,0.508482,"D0-F1-cod",1,"D0","F1","cod",93,"D0-F1-cod-1",0.0227847339596225,-0.00406450167563539,-0.0195248806348304,0.0166691659418769
"94",94,1254700000,55448800,0.0902667,0.491094,1224420000,53674500,0.0925202,0.50002,"D0-F1-cod",1,"D0","F1","cod",94,"D0-F1-cod-1",0.0249649095402844,-0.0319988890652277,-0.0241332589463617,0.018175746394784
"95",95,1296320000,91004000,0.0874667,0.481802,1264140000,88268300,0.0896215,0.490579,"D0-F1-cod",1,"D0","F1","cod",95,"D0-F1-cod-1",0.024635661343117,-0.0300613159861105,-0.0248241175018514,0.0182170269114698
"96",96,1319800000,91895100,0.0846667,0.47226,1288160000,94336400,0.0866716,0.480702,"D0-F1-cod",1,"D0","F1","cod",96,"D0-F1-cod-1",0.0236799119370426,0.0265661607637404,-0.023973329292317,0.0178757464108754
"97",97,1325630000,101544000,0.0818667,0.46246,1295090000,90048600,0.0837071,0.470493,"D0-F1-cod",1,"D0","F1","cod",97,"D0-F1-cod-1",0.0224804468727823,-0.113206097849208,-0.023038102637991,0.0173701509319725
"98",98,1336790000,111738000,0.0790667,0.452391,1308810000,101327000,0.0805715,0.459374,"D0-F1-cod",1,"D0","F1","cod",98,"D0-F1-cod-1",0.0190320324485529,-0.0931733161502801,-0.0209307370641612,0.0154357624267503
"99",99,1357660000,184910000,0.0762667,0.442044,1331600000,159964000,0.0778057,0.449281,"D0-F1-cod",1,"D0","F1","cod",99,"D0-F1-cod-1",0.0201791869846211,-0.134908874587637,-0.0191947910375204,0.016371673408077
"100",100,1395350000,120105000,0.0734667,0.43141,1364020000,94740800,0.075352,0.440096,"D0-F1-cod",1,"D0","F1","cod",100,"D0-F1-cod-1",0.0256619665780552,-0.21118354772907,-0.02245314795571,0.0201339792772536
"101",101,4084180000,179006000,0,0,4184070000,134678000,0,0,"D0-F1-cod",2,"D0","F1","cod",1,"D0-F1-cod-2",NA,-0.247634157514273,0.0244577858958224,NA
"102",102,4084210000,108012000,0,0,4184070000,134284000,0,0,"D0-F1-cod",2,"D0","F1","cod",2,"D0-F1-cod-2",NA,0.243232233455542,0.0244502608827656,NA
"103",103,4098380000,326591000,0,0,4184150000,133891000,0,0,"D0-F1-cod",2,"D0","F1","cod",3,"D0-F1-cod-2",NA,-0.590034630470527,0.0209277812208726,NA
"104",104,4126430000,130521000,0,0,4184320000,133498000,0,0,"D0-F1-cod",2,"D0","F1","cod",4,"D0-F1-cod-2",NA,0.022808590188552,0.0140290759809327,NA
"105",105,4197170000,89381000,0,0,4184260000,133103000,0,0,"D0-F1-cod",2,"D0","F1","cod",5,"D0-F1-cod-2",NA,0.489164363790962,-0.00307588208245079,NA
"106",106,4350780000,148929000,0,0,4183670000,132706000,0,0,"D0-F1-cod",2,"D0","F1","cod",6,"D0-F1-cod-2",NA,-0.10893110139731,-0.0384092047862682,NA
"107",107,4463620000,72610100,0,0,4182300000,132304000,0,0,"D0-F1-cod",2,"D0","F1","cod",7,"D0-F1-cod-2",NA,0.822115656086412,-0.063025078299676,NA
"108",108,4529480000,69601200,0,0,4179980000,131896000,0,0,"D0-F1-cod",2,"D0","F1","cod",8,"D0-F1-cod-2",NA,0.895024798423016,-0.0771611752342432,NA
"109",109,4549690000,99350600,0,0,4176620000,131479000,0,0,"D0-F1-cod",2,"D0","F1","cod",9,"D0-F1-cod-2",NA,0.323384056060054,-0.0819989933380076,NA
"110",110,4491550000,95044900,0,0,4172180000,131050000,0,0,"D0-F1-cod",2,"D0","F1","cod",10,"D0-F1-cod-2",NA,0.378822009387142,-0.0711046298048558,NA
"111",111,4378650000,51313000,0,0,4166700000,130606000,0,0,"D0-F1-cod",2,"D0","F1","cod",11,"D0-F1-cod-2",NA,1.54528092296299,-0.0484053304100579,NA
"112",112,4240230000,79449600,0,0,4160220000,130164000,0,0,"D0-F1-cod",2,"D0","F1","cod",12,"D0-F1-cod-2",NA,0.63832165297245,-0.0188692594505487,NA
"113",113,4076480000,67875900,0,0,4152810000,129692000,0,0,"D0-F1-cod",2,"D0","F1","cod",13,"D0-F1-cod-2",NA,0.91072236242908,0.0187244877933904,NA
"114",114,3888900000,239084000,0,0,4144540000,129191000,0,0,"D0-F1-cod",2,"D0","F1","cod",14,"D0-F1-cod-2",NA,-0.459641799534891,0.0657358121833938,NA
"115",115,3699450000,126137000,0,0,4135480000,128648000,0,0,"D0-F1-cod",2,"D0","F1","cod",15,"D0-F1-cod-2",NA,0.0199069265956856,0.11786346619092,NA
"116",116,3562210000,174070000,0,0,4125680000,128048000,0,0,"D0-F1-cod",2,"D0","F1","cod",16,"D0-F1-cod-2",NA,-0.264387889929339,0.158179893942244,NA
"117",117,3527640000,245855000,0,0,4115170000,127372000,0,0,"D0-F1-cod",2,"D0","F1","cod",17,"D0-F1-cod-2",NA,-0.481922271257449,0.166550441655044,NA
"118",118,3544920000,175779000,0,0,4103940000,126602000,0,0,"D0-F1-cod",2,"D0","F1","cod",18,"D0-F1-cod-2",NA,-0.279766069894584,0.157696083409499,NA
"119",119,3647250000,164828000,0,0,4091960000,125720000,0,0,"D0-F1-cod",2,"D0","F1","cod",19,"D0-F1-cod-2",NA,-0.237265513140971,0.121930221399685,NA
"120",120,3825410000,117585000,0,0,4079130000,124727000,0,0,"D0-F1-cod",2,"D0","F1","cod",20,"D0-F1-cod-2",NA,0.0607390398435175,0.0663249168063031,NA
"121",121,4019670000,92024700,0,0,4065330000,123579000,0,0,"D0-F1-cod",2,"D0","F1","cod",21,"D0-F1-cod-2",NA,0.342889463372334,0.011359141422057,NA
"122",122,4193500000,142416000,0,0,4050360000,106037000,0,0,"D0-F1-cod",2,"D0","F1","cod",22,"D0-F1-cod-2",NA,-0.255441804291653,-0.0341337784666746,NA
"123",123,4304480000,221783000,0,0,4033990000,213858000,0,0,"D0-F1-cod",2,"D0","F1","cod",23,"D0-F1-cod-2",NA,-0.0357331265245758,-0.0628391815039215,NA
"124",124,4355810000,185118000,0,0,4011120000,179351000,0,0,"D0-F1-cod",2,"D0","F1","cod",24,"D0-F1-cod-2",NA,-0.031153102345531,-0.0791333873607894,NA
"125",125,4403790000,165664000,0,0,4007150000,106138000,0,0,"D0-F1-cod",2,"D0","F1","cod",25,"D0-F1-cod-2",NA,-0.359317655012556,-0.0900678733545423,NA
"126",126,4483020000,63515100,0,0,4062630000,125255000,0,0,"D0-F1-cod",2,"D0","F1","cod",26,"D0-F1-cod-2",NA,0.972050740690009,-0.093773839956101,NA
"127",127,4571840000,208247000,0.00432479,0.0369001,4131300000,169726000,0.00480133,0.0409941,"D0-F1-cod",2,"D0","F1","cod",27,"D0-F1-cod-2",0.110188009128767,-0.18497745465721,-0.0963594526492616,0.110948208812442
"128",128,4608950000,89283900,0.00864957,0.0718476,4158200000,86718800,0.00955515,0.0792139,"D0-F1-cod",2,"D0","F1","cod",28,"D0-F1-cod-2",0.104696534047357,-0.028729703787581,-0.0977988478937719,0.102526737149188
"129",129,4587170000,114051000,0.0129744,0.104977,4161870000,105360000,0.014283,0.115064,"D0-F1-cod",2,"D0","F1","cod",29,"D0-F1-cod-2",0.100860155382908,-0.0762027514006892,-0.0927151162917441,0.096087714451737
"130",130,4545050000,94865700,0.0172991,0.13641,4136390000,93123500,0.0189775,0.148684,"D0-F1-cod",2,"D0","F1","cod",30,"D0-F1-cod-2",0.0970223884479539,-0.0183649095510812,-0.0899132022750025,0.0899787405615425
"131",131,4437210000,104203000,0.0216239,0.16626,4051470000,156440000,0.0236543,0.180359,"D0-F1-cod",2,"D0","F1","cod",31,"D0-F1-cod-2",0.093896105697862,0.501300346439162,-0.086933005199213,0.084800914230723
"132",132,4284800000,93296000,0.0259487,0.19463,3923140000,103500000,0.0282939,0.210114,"D0-F1-cod",2,"D0","F1","cod",32,"D0-F1-cod-2",0.0903783233842157,0.109372320356714,-0.0844053398058252,0.0795560807686379
"133",133,4093550000,249166000,0.0302735,0.221615,3775360000,263573000,0.0325869,0.236267,"D0-F1-cod",2,"D0","F1","cod",33,"D0-F1-cod-2",0.076416668043008,0.0578208904906769,-0.0777295990033101,0.0661146583038152
"134",134,3879810000,200714000,0.0345983,0.247302,3633970000,167451000,0.0366277,0.259746,"D0-F1-cod",2,"D0","F1","cod",34,"D0-F1-cod-2",0.0586560611359518,-0.165723367577747,-0.0633639276150121,0.0503190431132784
"135",135,3698670000,115167000,0.0389231,0.271773,3528520000,121089000,0.0404096,0.280782,"D0-F1-cod",2,"D0","F1","cod",35,"D0-F1-cod-2",0.0381906888197496,0.0514209799682201,-0.0460030227081627,0.033148988310097
"136",136,3611830000,80945700,0.0432479,0.295101,3503510000,100478000,0.0443768,0.301925,"D0-F1-cod",2,"D0","F1","cod",36,"D0-F1-cod-2",0.0261030015330225,0.241301267392832,-0.0299903373082343,0.0231242862613139
"137",137,3556160000,130518000,0.0475726,0.317357,3481950000,137261000,0.0483921,0.322415,"D0-F1-cod",2,"D0","F1","cod",37,"D0-F1-cod-2",0.0172263025354931,0.0516633721019323,-0.0208680149374606,0.0159378869853194
"138",138,3470680000,165673000,0.0518974,0.338603,3428620000,174827000,0.05228,0.341431,"D0-F1-cod",2,"D0","F1","cod",38,"D0-F1-cod-2",0.00737223830095528,0.0552534208953782,-0.0121186626251916,0.00835196380421909
"139",139,3351190000,98906600,0.0562222,0.358898,3342840000,107673000,0.0561055,0.359392,"D0-F1-cod",2,"D0","F1","cod",39,"D0-F1-cod-2",-0.00207569252003652,0.0886331144736549,-0.00249165221906248,0.00137643564466783
"140",140,3234330000,136180000,0.060547,0.378299,3257200000,96893400,0.0598432,0.376259,"D0-F1-cod",2,"D0","F1","cod",40,"D0-F1-cod-2",-0.0116240276149107,-0.288490233514466,0.00707101625375271,-0.00539255985344922
"141",141,3118990000,128724000,0.0648718,0.396855,3171870000,83131300,0.0635079,0.392177,"D0-F1-cod",2,"D0","F1","cod",41,"D0-F1-cod-2",-0.021024543792526,-0.354189583915975,0.0169542063296131,-0.0117876806390244
"142",142,2990100000,112188000,0.0691966,0.414614,3056590000,122891000,0.067827,0.410187,"D0-F1-cod",2,"D0","F1","cod",42,"D0-F1-cod-2",-0.0197928799969941,0.0954023603237423,0.0222367144911541,-0.0106774011490204
"143",143,2868990000,135281000,0.0735214,0.43162,2909870000,122044000,0.0730989,0.431134,"D0-F1-cod",2,"D0","F1","cod",43,"D0-F1-cod-2",-0.00574662615238565,-0.0978481826716242,0.0142489168662142,-0.00112599045456649
"144",144,2747910000,188412000,0.0778462,0.447915,2745280000,196174000,0.078446,0.451289,"D0-F1-cod",2,"D0","F1","cod",44,"D0-F1-cod-2",0.00770493614331846,0.041196951361909,-0.000957091025543049,0.00753267919136441
"145",145,2629440000,117902000,0.0821709,0.463537,2591270000,134249000,0.0840141,0.471189,"D0-F1-cod",2,"D0","F1","cod",45,"D0-F1-cod-2",0.0224312986714273,0.138649047514037,-0.0145163989290495,0.0165078515846632
"146",146,2541960000,189371000,0.0864957,0.478522,2473770000,157823000,0.0892439,0.488935,"D0-F1-cod",2,"D0","F1","cod",46,"D0-F1-cod-2",0.031772677716927,-0.16659361781899,-0.0268257565028561,0.0217607549914111
"147",147,2482370000,148681000,0.0908205,0.492904,2404220000,97688800,0.0937739,0.503612,"D0-F1-cod",2,"D0","F1","cod",47,"D0-F1-cod-2",0.0325190898530618,-0.34296379497044,-0.0314820111425775,0.021724311427783
"148",148,2432790000,76839000,0.0951453,0.506713,2351030000,101825000,0.0988798,0.519427,"D0-F1-cod",2,"D0","F1","cod",48,"D0-F1-cod-2",0.0392504937185547,0.325173414542095,-0.0336075041413357,0.0250911265351392
"149",149,2408270000,57853900,0.0994701,0.519979,2298130000,53532800,0.105364,0.538472,"D0-F1-cod",2,"D0","F1","cod",49,"D0-F1-cod-2",0.0592529815492293,-0.0746898653331927,-0.0457340746677075,0.0355648978131809
"150",150,2358230000,76620800,0.103795,0.532729,2212280000,94441900,0.111192,0.554662,"D0-F1-cod",2,"D0","F1","cod",50,"D0-F1-cod-2",0.0712654752155692,0.232588278900768,-0.0618896375671584,0.0411710269198785
"151",151,2249760000,141292000,0.10812,0.544991,2090290000,124729000,0.116917,0.569769,"D0-F1-cod",2,"D0","F1","cod",51,"D0-F1-cod-2",0.0813633000369959,-0.117225320612632,-0.0708831164213072,0.0454649709811721
"152",152,2097500000,107372000,0.112444,0.556787,1936830000,111296000,0.121764,0.581978,"D0-F1-cod",2,"D0","F1","cod",52,"D0-F1-cod-2",0.0828857031055458,0.0365458406288418,-0.0766007151370679,0.0452435132285775
"153",153,1948400000,73238200,0.116769,0.56814,1797620000,75300100,0.126775,0.594076,"D0-F1-cod",2,"D0","F1","cod",53,"D0-F1-cod-2",0.0856905514306023,0.0281533407429456,-0.0773865735988503,0.0456507198929842
"154",154,1830410000,97079800,0.121094,0.579073,1686020000,111153000,0.131412,0.604817,"D0-F1-cod",2,"D0","F1","cod",54,"D0-F1-cod-2",0.0852065337671562,0.144965275989444,-0.0788839658874241,0.0444572618650845
"155",155,1717800000,95663000,0.125419,0.589604,1584560000,132927000,0.135794,0.614588,"D0-F1-cod",2,"D0","F1","cod",55,"D0-F1-cod-2",0.0827227134644671,0.38953409364122,-0.077564326464082,0.0423742037028243
"156",156,1606530000,53517900,0.129744,0.599753,1489710000,59373600,0.139097,0.621721,"D0-F1-cod",2,"D0","F1","cod",56,"D0-F1-cod-2",0.0720881119743495,0.109415728195613,-0.0727157289312991,0.0366284120296188
"157",157,1509370000,105101000,0.134068,0.609539,1425340000,96651100,0.139807,0.623229,"D0-F1-cod",2,"D0","F1","cod",57,"D0-F1-cod-2",0.0428066354387325,-0.0803979029695246,-0.0556722341109204,0.0224595965147431
"158",158,1412050000,185315000,0.138393,0.618977,1374240000,187159000,0.140146,0.623947,"D0-F1-cod",2,"D0","F1","cod",58,"D0-F1-cod-2",0.0126668256342445,0.00995062461214689,-0.0267766722141567,0.0080293775051416
"159",159,1315920000,100109000,0.142718,0.628083,1313980000,99181900,0.141603,0.627005,"D0-F1-cod",2,"D0","F1","cod",59,"D0-F1-cod-2",-0.00781260948163515,-0.00926090561288196,-0.0014742537540276,-0.00171633366927605
"160",160,1270910000,64842800,0.147043,0.636874,1291070000,79956700,0.143904,0.631761,"D0-F1-cod",2,"D0","F1","cod",60,"D0-F1-cod-2",-0.0213474969906762,0.23308524616457,0.0158626495975325,-0.00802827560867618
"161",161,1270900000,55008000,0.151368,0.645362,1305100000,59460300,0.146896,0.637813,"D0-F1-cod",2,"D0","F1","cod",61,"D0-F1-cod-2",-0.0295438930289097,0.0809391361256545,0.0269100637343615,-0.0116973109665583
"162",162,1251920000,57224200,0.155692,0.653561,1298020000,60092900,0.149148,0.642273,"D0-F1-cod",2,"D0","F1","cod",62,"D0-F1-cod-2",-0.0420317036199676,0.0501308886799641,0.0368234391973928,-0.0172715324200801
"163",163,1199430000,124281000,0.160017,0.661484,1261230000,107780000,0.151088,0.646049,"D0-F1-cod",2,"D0","F1","cod",63,"D0-F1-cod-2",-0.0558003212158708,-0.132771702834705,0.0515244741252095,-0.0233338977208821
"164",164,1120350000,53909200,0.164342,0.669143,1195470000,56467000,0.152982,0.649681,"D0-F1-cod",2,"D0","F1","cod",64,"D0-F1-cod-2",-0.0691241435542952,0.0474464469886402,0.067050475297898,-0.0290849639015877
"165",165,1048920000,153519000,0.168667,0.67655,1128600000,139954000,0.15705,0.657297,"D0-F1-cod",2,"D0","F1","cod",65,"D0-F1-cod-2",-0.0688753579538381,-0.0883603983871703,0.0759638485299165,-0.0284576158450964
"166",166,995639000,82056400,0.168667,0.67655,1069330000,73208600,0.157228,0.657624,"D0-F1-cod",2,"D0","F1","cod",66,"D0-F1-cod-2",-0.0678200240710987,-0.107825836863426,0.0740137740687137,-0.0279742812800236
"167",167,962210000,85449100,0.165867,0.671783,1026670000,87124900,0.156856,0.656939,"D0-F1-cod",2,"D0","F1","cod",67,"D0-F1-cod-2",-0.0543266593113759,0.0196116752546253,0.0669916130574407,-0.0220964210169057
"168",168,967540000,25466300,0.163067,0.666912,1014670000,25387900,0.157029,0.657258,"D0-F1-cod",2,"D0","F1","cod",68,"D0-F1-cod-2",-0.0370277248002354,-0.00307857835649466,0.048711164396304,-0.0144756729523534
"169",169,967973000,114868000,0.160267,0.661933,998382000,114448000,0.156433,0.656158,"D0-F1-cod",2,"D0","F1","cod",69,"D0-F1-cod-2",-0.0239225791959668,-0.00365637079082077,0.0314151324468761,-0.00872444794261651
"170",170,948655000,113168000,0.157467,0.656845,967899000,107568000,0.154968,0.65343,"D0-F1-cod",2,"D0","F1","cod",70,"D0-F1-cod-2",-0.0158699918078074,-0.049483953060936,0.0202855621906805,-0.00519909567706241
"171",171,917552000,53298700,0.154667,0.651642,929453000,57307600,0.153225,0.650142,"D0-F1-cod",2,"D0","F1","cod",71,"D0-F1-cod-2",-0.00932325576884532,0.0752157182070107,0.0129703820600903,-0.00230187741121668
"172",172,918905000,96342000,0.151867,0.646323,924530000,99332600,0.151606,0.647048,"D0-F1-cod",2,"D0","F1","cod",72,"D0-F1-cod-2",-0.00171860904607328,0.03104149799672,0.0061214162508638,0.00112173015659349
"173",173,924946000,131142000,0.149067,0.640883,925318000,127124000,0.14915,0.642277,"D0-F1-cod",2,"D0","F1","cod",73,"D0-F1-cod-2",0.000556796608236563,-0.0306385444785042,0.000402185641107697,0.0021751240085944
"174",174,922814000,105563000,0.146267,0.635319,922945000,107583000,0.146167,0.636353,"D0-F1-cod",2,"D0","F1","cod",74,"D0-F1-cod-2",-0.000683681213124059,0.0191354925494728,0.000141957100780872,0.00162752884771269
"175",175,944068000,104506000,0.143467,0.629627,944966000,107246000,0.143473,0.630878,"D0-F1-cod",2,"D0","F1","cod",75,"D0-F1-cod-2",4.18214641693089e-05,0.026218590320173,0.000951202667604452,0.00198689065113155
"176",176,987378000,100896000,0.140667,0.623804,988083000,104798000,0.140532,0.624762,"D0-F1-cod",2,"D0","F1","cod",76,"D0-F1-cod-2",-0.000959713365608112,0.0386734855692991,0.00071401226278082,0.00153573878974808
"177",177,1032950000,66993800,0.137867,0.617846,1035670000,64663700,0.137334,0.617938,"D0-F1-cod",2,"D0","F1","cod",77,"D0-F1-cod-2",-0.00386604481130349,-0.0347808304649087,0.00263323490972458,0.000148904419547882
"178",178,1076070000,51272800,0.135067,0.611748,1083140000,49312200,0.133897,0.610403,"D0-F1-cod",2,"D0","F1","cod",78,"D0-F1-cod-2",-0.00866236756572667,-0.0382385982431231,0.0065702045405968,-0.00219861773148409
"179",179,1103010000,81248600,0.132267,0.605505,1114910000,86005500,0.130719,0.603238,"D0-F1-cod",2,"D0","F1","cod",79,"D0-F1-cod-2",-0.0117035995372995,0.0585474703564123,0.0107886601209418,-0.0037439822957695
"180",180,1098310000,68107600,0.129467,0.599115,1112410000,65333000,0.12777,0.596415,"D0-F1-cod",2,"D0","F1","cod",80,"D0-F1-cod-2",-0.0131075872616188,-0.0407384785251573,0.0128379055093735,-0.00450664730477442
"181",181,1075050000,41494100,0.126667,0.592571,1091230000,44672100,0.124593,0.588871,"D0-F1-cod",2,"D0","F1","cod",81,"D0-F1-cod-2",-0.0163736411219971,0.0765892018383336,0.0150504627691735,-0.00624397751493058
"182",182,1051160000,80974600,0.123867,0.585869,1070010000,85373600,0.121647,0.581689,"D0-F1-cod",2,"D0","F1","cod",82,"D0-F1-cod-2",-0.017922449078447,0.0543256774346523,0.017932569732486,-0.0071347007607502
"183",183,1017190000,88577300,0.121067,0.579005,1037440000,87561400,0.118504,0.573823,"D0-F1-cod",2,"D0","F1","cod",83,"D0-F1-cod-2",-0.021170095897313,-0.0114690784207692,0.0199077851728782,-0.00894983635719902
"184",184,980460000,154417000,0.118267,0.571972,1004410000,158724000,0.115164,0.565223,"D0-F1-cod",2,"D0","F1","cod",84,"D0-F1-cod-2",-0.0262372428488082,0.0278920067091059,0.0244273096301736,-0.0117995286482555
"185",185,964773000,109406000,0.115467,0.564766,992987000,117608000,0.112062,0.557008,"D0-F1-cod",2,"D0","F1","cod",85,"D0-F1-cod-2",-0.0294889448933462,0.0749684660804709,0.0292441849015261,-0.0137366626177922
"186",186,989277000,66957400,0.112667,0.557381,1021160000,75666800,0.109052,0.548814,"D0-F1-cod",2,"D0","F1","cod",86,"D0-F1-cod-2",-0.0320857038884501,0.1300737483833,0.0322285871399012,-0.0153700969354894
"187",187,1058370000,131144000,0.109867,0.54981,1097080000,134017000,0.10569,0.5394,"D0-F1-cod",2,"D0","F1","cod",87,"D0-F1-cod-2",-0.0380186953316282,0.0219072164948454,0.0365751107835634,-0.0189338134992089
"188",188,1123450000,81400500,0.107067,0.542049,1173690000,86836100,0.102,0.528731,"D0-F1-cod",2,"D0","F1","cod",88,"D0-F1-cod-2",-0.0473255064585727,0.0667760026044066,0.0447193911611554,-0.0245697344705
"189",189,1181220000,126798000,0.104267,0.53409,1245200000,149330000,0.0986072,0.518602,"D0-F1-cod",2,"D0","F1","cod",89,"D0-F1-cod-2",-0.0542817957743101,0.177699963721825,0.0541643385652122,-0.0289988578703963
"190",190,1242630000,114111000,0.101467,0.525928,1319460000,122855000,0.0951999,0.508105,"D0-F1-cod",2,"D0","F1","cod",90,"D0-F1-cod-2",-0.0617649087880789,0.0766271437460017,0.061828541078197,-0.0338886691714454
"191",191,1295410000,69781600,0.0986667,0.517554,1390200000,81262500,0.0912993,0.495672,"D0-F1-cod",2,"D0","F1","cod",91,"D0-F1-cod-2",-0.0746695693683887,0.164526178820778,0.0731737442199767,-0.0422796461818476
"192",192,1357690000,192288000,0.0958667,0.508962,1478020000,211912000,0.087522,0.48319,"D0-F1-cod",2,"D0","F1","cod",92,"D0-F1-cod-2",-0.0870448236979055,0.102055250457647,0.0886284792552055,-0.0506363932867287
"193",193,1406510000,117325000,0.0930667,0.500145,1552310000,129868000,0.0837333,0.470211,"D0-F1-cod",2,"D0","F1","cod",93,"D0-F1-cod-2",-0.100287213364179,0.106908161090987,0.103660834263532,-0.059850643313439
"194",194,1461440000,112817000,0.0902667,0.491094,1635610000,118795000,0.0802171,0.457736,"D0-F1-cod",2,"D0","F1","cod",94,"D0-F1-cod-2",-0.111332307484377,0.0529884680500279,0.119176976133129,-0.067925896060632
"195",195,1552490000,67271700,0.0874667,0.481802,1757870000,73509500,0.0768801,0.445496,"D0-F1-cod",2,"D0","F1","cod",95,"D0-F1-cod-2",-0.121035777044292,0.0927254699970418,0.13229070718652,-0.0753546062490401
"196",196,1633240000,56501900,0.0846667,0.47226,1866370000,71580000,0.0738684,0.4341,"D0-F1-cod",2,"D0","F1","cod",96,"D0-F1-cod-2",-0.127538926165777,0.26686005249381,0.14274080967892,-0.0808029475289036
"197",197,1688350000,95882300,0.0818667,0.46246,1942540000,130467000,0.0709303,0.422651,"D0-F1-cod",2,"D0","F1","cod",97,"D0-F1-cod-2",-0.133587893490271,0.360699524312621,0.150555275861048,-0.0860809583531548
"198",198,1696870000,88420400,0.0790667,0.452391,1968400000,102326000,0.0678038,0.410092,"D0-F1-cod",2,"D0","F1","cod",98,"D0-F1-cod-2",-0.142448084971296,0.15726687506503,0.160018151066375,-0.0935009759256926
"199",199,1677440000,141180000,0.0762667,0.442044,1972660000,173142000,0.0642817,0.395461,"D0-F1-cod",2,"D0","F1","cod",99,"D0-F1-cod-2",-0.157145910338326,0.226391840203995,0.175994372376955,-0.105380912307372
"200",200,1656330000,88486300,0.0734667,0.43141,1983370000,115801000,0.0608509,0.380696,"D0-F1-cod",2,"D0","F1","cod",100,"D0-F1-cod-2",-0.171721337694493,0.308688463637874,0.197448576068779,-0.117554066896919
"201",201,4084180000,155667000,0,0,4106420000,134202000,0,0,"D0-F1-cod",3,"D0","F1","cod",1,"D0-F1-cod-3",NA,-0.13789049702249,0.00544540152490831,NA
"202",202,4084200000,124314000,0,0,4106420000,133775000,0,0,"D0-F1-cod",3,"D0","F1","cod",2,"D0-F1-cod-3",NA,0.0761056679054652,0.00544047793937613,NA
"203",203,4091300000,72250700,0,0,4106440000,133345000,0,0,"D0-F1-cod",3,"D0","F1","cod",3,"D0-F1-cod-3",NA,0.845587655206109,0.00370053528218415,NA
"204",204,4106550000,75302300,0,0,4106390000,132909000,0,0,"D0-F1-cod",3,"D0","F1","cod",4,"D0-F1-cod-3",NA,0.765005849754921,-3.89621458401821e-05,NA
"205",205,4097450000,64841400,0,0,4105940000,132465000,0,0,"D0-F1-cod",3,"D0","F1","cod",5,"D0-F1-cod-3",NA,1.04290777188648,0.00207202040293353,NA
"206",206,4041440000,182318000,0,0,4104820000,132011000,0,0,"D0-F1-cod",3,"D0","F1","cod",6,"D0-F1-cod-3",NA,-0.275929968516548,0.0156825289995645,NA
"207",207,3942690000,152561000,0,0,4102790000,131545000,0,0,"D0-F1-cod",3,"D0","F1","cod",7,"D0-F1-cod-3",NA,-0.137754734171905,0.0406067938387243,NA
"208",208,3841120000,185966000,0,0,4099700000,131064000,0,0,"D0-F1-cod",3,"D0","F1","cod",8,"D0-F1-cod-3",NA,-0.295226009055419,0.0673189069854626,NA
"209",209,3793890000,122753000,0,0,4095470000,130566000,0,0,"D0-F1-cod",3,"D0","F1","cod",9,"D0-F1-cod-3",NA,0.0636481389456877,0.0794909710086481,NA
"210",210,3797420000,167321000,0,0,4090070000,130046000,0,0,"D0-F1-cod",3,"D0","F1","cod",10,"D0-F1-cod-3",NA,-0.222775383843032,0.0770654813004619,NA
"211",211,3844500000,88178800,0,0,4083520000,129500000,0,0,"D0-F1-cod",3,"D0","F1","cod",11,"D0-F1-cod-3",NA,0.468606966753914,0.0621719339315906,NA
"212",212,3906160000,87928600,0,0,4075860000,128914000,0,0,"D0-F1-cod",3,"D0","F1","cod",12,"D0-F1-cod-3",NA,0.466121375752599,0.04344420095439,NA
"213",213,3969920000,197957000,0,0,4067150000,128285000,0,0,"D0-F1-cod",3,"D0","F1","cod",13,"D0-F1-cod-3",NA,-0.351955222598847,0.0244916774141544,NA
"214",214,3989110000,133306000,0,0,4057430000,127596000,0,0,"D0-F1-cod",3,"D0","F1","cod",14,"D0-F1-cod-3",NA,-0.0428337809250896,0.0171266272426682,NA
"215",215,3998420000,137418000,0,0,4046720000,126824000,0,0,"D0-F1-cod",3,"D0","F1","cod",15,"D0-F1-cod-3",NA,-0.0770932483371902,0.0120797715097464,NA
"216",216,4033420000,113331000,0,0,4035030000,125943000,0,0,"D0-F1-cod",3,"D0","F1","cod",16,"D0-F1-cod-3",NA,0.111284644095614,0.000399164976620337,NA
"217",217,4064280000,206372000,0,0,4022340000,124921000,0,0,"D0-F1-cod",3,"D0","F1","cod",17,"D0-F1-cod-3",NA,-0.394680479910065,-0.0103191709232632,NA
"218",218,4087680000,175130000,0,0,4008560000,123720000,0,0,"D0-F1-cod",3,"D0","F1","cod",18,"D0-F1-cod-3",NA,-0.293553360360875,-0.019355722561453,NA
"219",219,4118380000,178524000,0,0,3993560000,122304000,0,0,"D0-F1-cod",3,"D0","F1","cod",19,"D0-F1-cod-3",NA,-0.314915641594407,-0.0303080337414226,NA
"220",220,4190400000,157263000,0,0,3977140000,120628000,0,0,"D0-F1-cod",3,"D0","F1","cod",20,"D0-F1-cod-3",NA,-0.232953714478294,-0.0508925162275678,NA
"221",221,4283690000,88760500,0,0,3958990000,118719000,0,0,"D0-F1-cod",3,"D0","F1","cod",21,"D0-F1-cod-3",NA,0.337520631361923,-0.0757991357918057,NA
"222",222,4387930000,264717000,0,0,3938750000,154075000,0,0,"D0-F1-cod",3,"D0","F1","cod",22,"D0-F1-cod-3",NA,-0.417963334428843,-0.102367175410729,NA
"223",223,4464130000,104823000,0,0,3915990000,114064000,0,0,"D0-F1-cod",3,"D0","F1","cod",23,"D0-F1-cod-3",NA,0.0881581332341185,-0.122787642832982,NA
"224",224,4529330000,46280200,0,0,3901170000,95882000,0,0,"D0-F1-cod",3,"D0","F1","cod",24,"D0-F1-cod-3",NA,1.07177151351982,-0.138687178898424,NA
"225",225,4619650000,259867000,0,0,3899380000,129524000,0,0,"D0-F1-cod",3,"D0","F1","cod",25,"D0-F1-cod-3",NA,-0.501575806085421,-0.155914409100257,NA
"226",226,4636440000,216873000,0,0,3884830000,231669000,0,0,"D0-F1-cod",3,"D0","F1","cod",26,"D0-F1-cod-3",NA,0.0682242602813628,-0.162109290748937,NA
"227",227,4624620000,162384000,0.00432479,0.0369001,3859800000,176387000,0.00521927,0.0444697,"D0-F1-cod",3,"D0","F1","cod",27,"D0-F1-cod-3",0.206826227400637,0.0862338654054587,-0.165380074470984,0.205137655453508
"228",228,4658920000,95975100,0.00864957,0.0718476,3851140000,111884000,0.010478,0.0864176,"D0-F1-cod",3,"D0","F1","cod",28,"D0-F1-cod-3",0.211389699141113,0.165760702515548,-0.173383530947086,0.202790350686731
"229",229,4699220000,285635000,0.0129744,0.104977,3888270000,264372000,0.0156401,0.125033,"D0-F1-cod",3,"D0","F1","cod",29,"D0-F1-cod-3",0.20545844123813,-0.0744411574211844,-0.172571192666017,0.19105137315793
"230",230,4698460000,81889100,0.0172991,0.13641,3917730000,78565000,0.0206392,0.160202,"D0-F1-cod",3,"D0","F1","cod",30,"D0-F1-cod-3",0.193079408755369,-0.0405927040350914,-0.166167212235498,0.174415365442416
"231",231,4679840000,119245000,0.0216239,0.16626,3948470000,98996700,0.0254809,0.192332,"D0-F1-cod",3,"D0","F1","cod",31,"D0-F1-cod-3",0.178367454529479,-0.169804184661831,-0.156280983965264,0.156814627691568
"232",232,4669600000,91895200,0.0259487,0.19463,3988420000,95476800,0.0302252,0.222107,"D0-F1-cod",3,"D0","F1","cod",32,"D0-F1-cod-3",0.164805944035732,0.0389748322001584,-0.145875449717321,0.141175563890459
"233",233,4578170000,86983900,0.0302735,0.221615,3947020000,102040000,0.0350105,0.250546,"D0-F1-cod",3,"D0","F1","cod",33,"D0-F1-cod-3",0.156473483409583,0.173090652408089,-0.137860760959073,0.130546217539426
"234",234,4428610000,209804000,0.0345983,0.247302,3842810000,207938000,0.0397545,0.277266,"D0-F1-cod",3,"D0","F1","cod",34,"D0-F1-cod-3",0.14903044369232,-0.00889401536672323,-0.132276267271221,0.121163597544703
"235",235,4217770000,96137500,0.0389231,0.271773,3686290000,93624000,0.0443539,0.301866,"D0-F1-cod",3,"D0","F1","cod",35,"D0-F1-cod-3",0.139526399490277,-0.026144844623586,-0.126009716034777,0.110728438807387
"236",236,4000650000,121794000,0.0432479,0.295101,3529170000,123996000,0.0487998,0.324501,"D0-F1-cod",3,"D0","F1","cod",36,"D0-F1-cod-3",0.128373863239602,0.0180797083600177,-0.117850849236999,0.0996269073978061
"237",237,3814130000,105497000,0.0475726,0.317357,3397480000,191677000,0.0531898,0.345817,"D0-F1-cod",3,"D0","F1","cod",37,"D0-F1-cod-3",0.118076371692949,0.816895267163995,-0.109238541947967,0.0896781857655574
"238",238,3616790000,123400000,0.0518974,0.338603,3249800000,100377000,0.0574914,0.365764,"D0-F1-cod",3,"D0","F1","cod",38,"D0-F1-cod-3",0.107789600249723,-0.186572123176661,-0.101468429187207,0.0802148829159812
"239",239,3423740000,260420000,0.0562222,0.358898,3127390000,206561000,0.0606876,0.380015,"D0-F1-cod",3,"D0","F1","cod",39,"D0-F1-cod-3",0.0794241420648783,-0.206815912756317,-0.086557390456051,0.0588384443490908
"240",240,3234410000,207096000,0.060547,0.378299,3032730000,201558000,0.0639748,0.39419,"D0-F1-cod",3,"D0","F1","cod",40,"D0-F1-cod-3",0.056613870216526,-0.0267412214625101,-0.0623544943281773,0.042006455211354
"241",241,3101920000,135904000,0.0648718,0.396855,2949850000,165189000,0.0681532,0.411534,"D0-F1-cod",3,"D0","F1","cod",41,"D0-F1-cod-3",0.0505828418511588,0.215482987991523,-0.0490244751637695,0.0369883206712779
"242",242,3064500000,103954000,0.0691966,0.414614,2920190000,91894400,0.0726754,0.4295,"D0-F1-cod",3,"D0","F1","cod",42,"D0-F1-cod-3",0.0502741464175986,-0.116009003982531,-0.0470908794256812,0.0359032738884843
"243",243,3053170000,156525000,0.0735214,0.43162,2913760000,131457000,0.0768926,0.445541,"D0-F1-cod",3,"D0","F1","cod",43,"D0-F1-cod-3",0.0458533161773307,-0.160153330138955,-0.0456607394937065,0.0322529076502479
"244",244,3012130000,79761600,0.0778462,0.447915,2883650000,71698400,0.0813497,0.461788,"D0-F1-cod",3,"D0","F1","cod",44,"D0-F1-cod-3",0.0450054080995603,-0.101091251930754,-0.0426542015118869,0.0309723943158858
"245",245,2939570000,92934900,0.0821709,0.463537,2807540000,88158600,0.0863527,0.479208,"D0-F1-cod",3,"D0","F1","cod",45,"D0-F1-cod-3",0.0508914956511368,-0.0513940403443701,-0.0449147324268515,0.0338074414771637
"246",246,2839850000,176564000,0.0864957,0.478522,2693070000,104692000,0.0916254,0.496688,"D0-F1-cod",3,"D0","F1","cod",46,"D0-F1-cod-3",0.059305838324911,-0.407059196665232,-0.0516858284768562,0.0379627268965691
"247",247,2691440000,153387000,0.0908205,0.492904,2530080000,138380000,0.0971621,0.514134,"D0-F1-cod",3,"D0","F1","cod",47,"D0-F1-cod-3",0.0698256450911414,-0.0978374960068324,-0.0599530362928395,0.0430712674273286
"248",248,2544670000,60917900,0.0951453,0.506713,2351210000,46122600,0.104651,0.536355,"D0-F1-cod",3,"D0","F1","cod",48,"D0-F1-cod-3",0.0999071945750341,-0.242872784518179,-0.0760255750254453,0.0584985978255937
"249",249,2437560000,213400000,0.0994701,0.519979,2183470000,179646000,0.112854,0.559027,"D0-F1-cod",3,"D0","F1","cod",49,"D0-F1-cod-3",0.134551991000311,-0.15817244611059,-0.104239485387026,0.0750953403887466
"250",250,2328160000,95451500,0.103795,0.532729,2020250000,135281000,0.121732,0.581773,"D0-F1-cod",3,"D0","F1","cod",50,"D0-F1-cod-3",0.172811792475553,0.417274741622709,-0.132254656037386,0.0920618175470079
"251",251,2224900000,74834700,0.10812,0.544991,1865270000,85380100,0.131234,0.60426,"D0-F1-cod",3,"D0","F1","cod",51,"D0-F1-cod-3",0.21378098409175,0.140915912003389,-0.16163872533597,0.108752254624388
"252",252,2159770000,81822400,0.112444,0.556787,1765800000,96690500,0.138195,0.619622,"D0-F1-cod",3,"D0","F1","cod",52,"D0-F1-cod-3",0.229011774750098,0.18171185396664,-0.182412942118837,0.112852850371866
"253",253,2063480000,76266000,0.116769,0.56814,1676310000,93821000,0.14383,0.631424,"D0-F1-cod",3,"D0","F1","cod",53,"D0-F1-cod-3",0.231748152334952,0.230181207877691,-0.187629635373253,0.111388038159609
"254",254,1940310000,81801900,0.121094,0.579073,1579390000,82912000,0.148126,0.640062,"D0-F1-cod",3,"D0","F1","cod",54,"D0-F1-cod-3",0.223231539134887,0.0135705894361867,-0.186011513624112,0.105321781537043
"255",255,1802220000,124087000,0.125419,0.589604,1484080000,117261000,0.151009,0.645693,"D0-F1-cod",3,"D0","F1","cod",55,"D0-F1-cod-3",0.204036071089707,-0.0550097915172419,-0.176526728146397,0.0951299516285506
"256",256,1660010000,69831400,0.129744,0.599753,1390050000,75071600,0.15376,0.650945,"D0-F1-cod",3,"D0","F1","cod",56,"D0-F1-cod-3",0.185102972006413,0.0750407409847146,-0.162625526352251,0.0853551378650878
"257",257,1538750000,34427500,0.134068,0.609539,1307240000,55858100,0.156966,0.656923,"D0-F1-cod",3,"D0","F1","cod",57,"D0-F1-cod-3",0.170793925470657,0.622484932103696,-0.150453290008123,0.0777374376372963
"258",258,1441560000,81889500,0.138393,0.618977,1238250000,85003400,0.160321,0.663017,"D0-F1-cod",3,"D0","F1","cod",58,"D0-F1-cod-3",0.158447320312444,0.0380256321017957,-0.141034712394906,0.0711496549952583
"259",259,1331730000,107466000,0.142718,0.628083,1158390000,101233000,0.162624,0.667109,"D0-F1-cod",3,"D0","F1","cod",59,"D0-F1-cod-3",0.13947785142729,-0.057999739452478,-0.13016151922687,0.0621350999788245
"260",260,1216630000,224307000,0.147043,0.636874,1077100000,243303000,0.164746,0.670814,"D0-F1-cod",3,"D0","F1","cod",60,"D0-F1-cod-3",0.120393354324925,0.0846875041795396,-0.114685648060626,0.0532915458944783
"261",261,1130900000,75215800,0.151368,0.645362,1016300000,103232000,0.167633,0.675757,"D0-F1-cod",3,"D0","F1","cod",61,"D0-F1-cod-3",0.107453358701971,0.372477591144414,-0.101335219736493,0.0470975979372818
"262",262,1115200000,150157000,0.155692,0.653561,1019510000,108494000,0.168296,0.676877,"D0-F1-cod",3,"D0","F1","cod",62,"D0-F1-cod-3",0.0809547054440819,-0.277462922141492,-0.0858052367288379,0.0356753233439572
"263",263,1151950000,75292500,0.160017,0.661484,1084410000,66153300,0.16748,0.675498,"D0-F1-cod",3,"D0","F1","cod",63,"D0-F1-cod-3",0.0466387946280708,-0.121382607829465,-0.0586310169712227,0.0211856976132455
"264",264,1176240000,101612000,0.164342,0.669143,1127700000,100126000,0.172052,0.683115,"D0-F1-cod",3,"D0","F1","cod",64,"D0-F1-cod-3",0.046914361514403,-0.0146242569775223,-0.0412670883493165,0.0208804396070795
"265",265,1194900000,103829000,0.168667,0.67655,1136170000,110575000,0.17869,0.693709,"D0-F1-cod",3,"D0","F1","cod",65,"D0-F1-cod-3",0.0594247837454865,0.0649722139286712,-0.0491505565319274,0.0253625009238047
"266",266,1179010000,37624100,0.168667,0.67655,1106090000,48117100,0.181149,0.697501,"D0-F1-cod",3,"D0","F1","cod",66,"D0-F1-cod-3",0.0740038063165883,0.278890392062534,-0.0618485000127225,0.0309674081738232
"267",267,1156460000,122767000,0.165867,0.671783,1072910000,137228000,0.179428,0.694856,"D0-F1-cod",3,"D0","F1","cod",67,"D0-F1-cod-3",0.0817582762092521,0.117792240585825,-0.0722463379624025,0.0343459122960837
"268",268,1115670000,70151200,0.163067,0.666912,1031350000,73323000,0.176289,0.689939,"D0-F1-cod",3,"D0","F1","cod",68,"D0-F1-cod-3",0.0810832357251928,0.0452137668350648,-0.0755779038604605,0.034527793771892
"269",269,1065220000,73585800,0.160267,0.661933,990861000,78311500,0.171136,0.681609,"D0-F1-cod",3,"D0","F1","cod",69,"D0-F1-cod-3",0.0678180785813675,0.0642202707587605,-0.069806237209215,0.0297250628084716
"270",270,1034060000,127902000,0.157467,0.656845,976150000,130947000,0.165696,0.672452,"D0-F1-cod",3,"D0","F1","cod",70,"D0-F1-cod-3",0.0522585684619635,0.0238072899563728,-0.0560025530433437,0.0237605523373095
"271",271,997957000,90530200,0.154667,0.651642,955591000,94013500,0.160472,0.663287,"D0-F1-cod",3,"D0","F1","cod",71,"D0-F1-cod-3",0.0375322466977442,0.0384766630362023,-0.0424527309292885,0.0178702416357446
"272",272,980340000,35128700,0.151867,0.646323,951796000,36989300,0.155608,0.654409,"D0-F1-cod",3,"D0","F1","cod",72,"D0-F1-cod-3",0.0246333963270493,0.0529652392488193,-0.0291164289940225,0.0125107724775384
"273",273,988578000,122859000,0.149067,0.640883,971107000,128584000,0.151083,0.645836,"D0-F1-cod",3,"D0","F1","cod",73,"D0-F1-cod-3",0.0135241200265652,0.0465981328189225,-0.0176728594000676,0.00772839972350645
"274",274,981957000,46744000,0.146267,0.635319,973655000,50964600,0.147005,0.637837,"D0-F1-cod",3,"D0","F1","cod",74,"D0-F1-cod-3",0.00504556735285463,0.0902918021564265,-0.00845454536196595,0.00396336328678982
"275",275,968291000,96057000,0.143467,0.629627,967858000,100867000,0.143048,0.629819,"D0-F1-cod",3,"D0","F1","cod",75,"D0-F1-cod-3",-0.00292053224783402,0.0500744349709027,-0.00044717961852377,0.000304942450053714
"276",276,965494000,88075100,0.140667,0.623804,973657000,90492900,0.138939,0.621212,"D0-F1-cod",3,"D0","F1","cod",76,"D0-F1-cod-3",-0.012284331079784,0.0274515725784018,0.00845473923193723,-0.004155151297523
"277",277,953017000,53230000,0.137867,0.617846,969633000,54921400,0.135042,0.612776,"D0-F1-cod",3,"D0","F1","cod",77,"D0-F1-cod-3",-0.0204907628366469,0.0317753146721773,0.0174351559311114,-0.0082059283381296
"278",278,955301000,58524900,0.135067,0.611748,979707000,57888000,0.131374,0.604577,"D0-F1-cod",3,"D0","F1","cod",78,"D0-F1-cod-3",-0.0273419858292551,-0.0108825474285304,0.0255479686507185,-0.011722147027861
"279",279,954281000,109728000,0.132267,0.605505,984770000,123527000,0.127897,0.596571,"D0-F1-cod",3,"D0","F1","cod",79,"D0-F1-cod-3",-0.0330392312519373,0.125756415864684,0.031949708733591,-0.0147546263036639
"280",280,938669000,103696000,0.129467,0.599115,973019000,106677000,0.124799,0.589233,"D0-F1-cod",3,"D0","F1","cod",80,"D0-F1-cod-3",-0.0360555199394441,0.0287474926708841,0.036594369261156,-0.0164943291354747
"281",281,931759000,69972300,0.126667,0.592571,970808000,76224500,0.121164,0.580371,"D0-F1-cod",3,"D0","F1","cod",81,"D0-F1-cod-3",-0.0434446225141513,0.0893525009182205,0.0419089056290307,-0.0205882501843661
"282",282,952720000,70753400,0.123867,0.585869,1000510000,76378100,0.117714,0.571697,"D0-F1-cod",3,"D0","F1","cod",82,"D0-F1-cod-3",-0.0496742473782364,0.0794972397086218,0.0501616424552859,-0.0241897079381226
"283",283,981023000,78637200,0.121067,0.579005,1036890000,88439200,0.114196,0.562581,"D0-F1-cod",3,"D0","F1","cod",83,"D0-F1-cod-3",-0.0567536983653678,0.124648385242608,0.0569476964352518,-0.0283659035759622
"284",284,999236000,74709800,0.118267,0.571972,1064300000,82266200,0.110664,0.553135,"D0-F1-cod",3,"D0","F1","cod",84,"D0-F1-cod-3",-0.0642867410182046,0.101143357364094,0.0651137469026336,-0.0329334303077773
"285",285,1011490000,93707000,0.115467,0.564766,1087150000,102045000,0.106942,0.542856,"D0-F1-cod",3,"D0","F1","cod",85,"D0-F1-cod-3",-0.0738306182718872,0.0889794785875121,0.0748005417750052,-0.0387948283005705
"286",286,1021160000,72943400,0.112667,0.557381,1109490000,84022100,0.103216,0.532216,"D0-F1-cod",3,"D0","F1","cod",86,"D0-F1-cod-3",-0.0838843672060142,0.15188077331191,0.086499667045321,-0.0451486505639769
"287",287,1033670000,7.7e+07,0.109867,0.54981,1134930000,81380500,0.0996584,0.521712,"D0-F1-cod",3,"D0","F1","cod",87,"D0-F1-cod-3",-0.0929178006134691,0.0568896103896104,0.0979616318554277,-0.0511049271566542
"288",288,1051370000,44293500,0.107067,0.542049,1166660000,55258900,0.096004,0.510559,"D0-F1-cod",3,"D0","F1","cod",88,"D0-F1-cod-3",-0.103327822765184,0.247562283405014,0.109656923823202,-0.0580943789214629
"289",289,1065160000,117376000,0.104267,0.53409,1194420000,126524000,0.0926445,0.499967,"D0-F1-cod",3,"D0","F1","cod",89,"D0-F1-cod-3",-0.111468633412297,0.0779375681570338,0.121352660633144,-0.0638899810893294
"290",290,1068370000,43840300,0.101467,0.525928,1210260000,59345700,0.0890812,0.488362,"D0-F1-cod",3,"D0","F1","cod",90,"D0-F1-cod-3",-0.122067273103571,0.353679149093414,0.132809794359632,-0.0714280281711564
"291",291,1071430000,111774000,0.0986667,0.517554,1226560000,131767000,0.0859423,0.47781,"D0-F1-cod",3,"D0","F1","cod",91,"D0-F1-cod-3",-0.128963469944774,0.178869862400916,0.144787806949591,-0.0767919869231036
"292",292,1086190000,98535300,0.0958667,0.508962,1255900000,126389000,0.082392,0.465486,"D0-F1-cod",3,"D0","F1","cod",92,"D0-F1-cod-3",-0.140556627066541,0.28267737551923,0.156243382833574,-0.0854209155103918
"293",293,1097700000,120381000,0.0930667,0.500145,1287060000,139037000,0.0788959,0.45293,"D0-F1-cod",3,"D0","F1","cod",93,"D0-F1-cod-3",-0.152264988443772,0.154974622241051,0.172506149221099,-0.0944026232392605
"294",294,1134280000,77864200,0.0902667,0.491094,1351290000,89295700,0.0751519,0.439001,"D0-F1-cod",3,"D0","F1","cod",94,"D0-F1-cod-3",-0.167446023838248,0.146813298023996,0.191319603625207,-0.106075415297275
"295",295,1188890000,46386500,0.0874667,0.481802,1440470000,58810900,0.0717707,0.42597,"D0-F1-cod",3,"D0","F1","cod",95,"D0-F1-cod-3",-0.179451151123799,0.267845170469857,0.211609148028834,-0.115881627722591
"296",296,1252790000,117235000,0.0846667,0.47226,1537560000,153297000,0.0686419,0.413515,"D0-F1-cod",3,"D0","F1","cod",96,"D0-F1-cod-3",-0.189269216823143,0.307604384356208,0.227308647099674,-0.124391225172574
"297",297,1291900000,73077600,0.0818667,0.46246,1604890000,96643600,0.0655098,0.400647,"D0-F1-cod",3,"D0","F1","cod",97,"D0-F1-cod-3",-0.199799185749517,0.322479118088169,0.242271073612509,-0.133661289625049
"298",298,1316880000,84488000,0.0790667,0.452391,1659350000,114968000,0.0623082,0.387063,"D0-F1-cod",3,"D0","F1","cod",98,"D0-F1-cod-3",-0.211953957860895,0.360761291544361,0.26006166089545,-0.144406055823392
"299",299,1349330000,154978000,0.0762667,0.442044,1728870000,195285000,0.0590448,0.372749,"D0-F1-cod",3,"D0","F1","cod",99,"D0-F1-cod-3",-0.225811527180277,0.260082076165649,0.281280339131273,-0.156760412990562
"300",300,1371870000,98399300,0.0734667,0.43141,1790450000,112440000,0.0558089,0.358069,"D0-F1-cod",3,"D0","F1","cod",100,"D0-F1-cod-3",-0.240351070621111,0.142691055729055,0.305116374000452,-0.170003013374748
"301",301,4084180000,80449500,0,0,4163430000,136420000,0,0,"D0-F1-cod",4,"D0","F1","cod",1,"D0-F1-cod-4",NA,0.695722161107278,0.0194041398763032,NA
"302",302,4084160000,183204000,0,0,4163430000,136143000,0,0,"D0-F1-cod",4,"D0","F1","cod",2,"D0-F1-cod-4",NA,-0.25687757909216,0.0194091318655489,NA
"303",303,4068490000,105311000,0,0,4163690000,135882000,0,0,"D0-F1-cod",4,"D0","F1","cod",3,"D0-F1-cod-4",NA,0.290292562030557,0.0233993447200313,NA
"304",304,4044880000,110382000,0,0,4164510000,135644000,0,0,"D0-F1-cod",4,"D0","F1","cod",4,"D0-F1-cod-4",NA,0.228859777862333,0.0295756610826526,NA
"305",305,4041870000,95797300,0,0,4165590000,135428000,0,0,"D0-F1-cod",4,"D0","F1","cod",5,"D0-F1-cod-4",NA,0.41369328780665,0.0306095940740301,NA
"306",306,4022110000,121177000,0,0,4166650000,135238000,0,0,"D0-F1-cod",4,"D0","F1","cod",6,"D0-F1-cod-4",NA,0.11603687168357,0.0359363617603696,NA
"307",307,3986930000,62567500,0,0,4167420000,135074000,0,0,"D0-F1-cod",4,"D0","F1","cod",7,"D0-F1-cod-4",NA,1.15885243936549,0.0452704211009473,NA
"308",308,3938080000,155559000,0,0,4167700000,134942000,0,0,"D0-F1-cod",4,"D0","F1","cod",8,"D0-F1-cod-4",NA,-0.132534922441003,0.0583076016739122,NA
"309",309,3873930000,100350000,0,0,4167400000,134844000,0,0,"D0-F1-cod",4,"D0","F1","cod",9,"D0-F1-cod-4",NA,0.34373692077728,0.0757551117340788,NA
"310",310,3799080000,154376000,0,0,4166500000,134787000,0,0,"D0-F1-cod",4,"D0","F1","cod",10,"D0-F1-cod-4",NA,-0.126891485723169,0.0967128883835034,NA
"311",311,3747600000,76394500,0,0,4165060000,134778000,0,0,"D0-F1-cod",4,"D0","F1","cod",11,"D0-F1-cod-4",NA,0.764236954230998,0.111393958800299,NA
"312",312,3709500000,107116000,0,0,4163180000,134797000,0,0,"D0-F1-cod",4,"D0","F1","cod",12,"D0-F1-cod-4",NA,0.258420777474887,0.122302197061599,NA
"313",313,3688330000,111433000,0,0,4.161e+09,134883000,0,0,"D0-F1-cod",4,"D0","F1","cod",13,"D0-F1-cod-4",NA,0.210440354293611,0.128152849663669,NA
"314",314,3651940000,101668000,0,0,4158700000,135032000,0,0,"D0-F1-cod",4,"D0","F1","cod",14,"D0-F1-cod-4",NA,0.32816618798442,0.138764601828069,NA
"315",315,3616900000,43279600,0,0,4156420000,135252000,0,0,"D0-F1-cod",4,"D0","F1","cod",15,"D0-F1-cod-4",NA,2.12507509311546,0.149166413226796,NA
"316",316,3581280000,123224000,0,0,4154350000,135552000,0,0,"D0-F1-cod",4,"D0","F1","cod",16,"D0-F1-cod-4",NA,0.100045445692398,0.160018205781173,NA
"317",317,3524410000,258774000,0,0,4152690000,135945000,0,0,"D0-F1-cod",4,"D0","F1","cod",17,"D0-F1-cod-4",NA,-0.474657423079598,0.178265298305248,NA
"318",318,3446130000,152927000,0,0,4151620000,136442000,0,0,"D0-F1-cod",4,"D0","F1","cod",18,"D0-F1-cod-4",NA,-0.1077965303707,0.204719496942948,NA
"319",319,3431370000,134510000,0,0,4151340000,137057000,0,0,"D0-F1-cod",4,"D0","F1","cod",19,"D0-F1-cod-4",NA,0.018935395137908,0.209819984437703,NA
"320",320,3510440000,80121200,0,0,4152080000,137768000,0,0,"D0-F1-cod",4,"D0","F1","cod",20,"D0-F1-cod-4",NA,0.719494965127831,0.182780506147378,NA
"321",321,3615540000,224740000,0,0,4154040000,138665000,0,0,"D0-F1-cod",4,"D0","F1","cod",21,"D0-F1-cod-4",NA,-0.382998131173801,0.148940407242072,NA
"322",322,3709710000,380587000,0,0,4157480000,217610000,0,0,"D0-F1-cod",4,"D0","F1","cod",22,"D0-F1-cod-4",NA,-0.428225346635592,0.120702157311488,NA
"323",323,3.798e+09,160054000,0,0,4162650000,112695000,0,0,"D0-F1-cod",4,"D0","F1","cod",23,"D0-F1-cod-4",NA,-0.295893885813538,0.0960110584518167,NA
"324",324,3991170000,183484000,0,0,4192960000,106197000,0,0,"D0-F1-cod",4,"D0","F1","cod",24,"D0-F1-cod-4",NA,-0.421219288875324,0.0505591092336332,NA
"325",325,4283250000,241012000,0,0,4252480000,183636000,0,0,"D0-F1-cod",4,"D0","F1","cod",25,"D0-F1-cod-4",NA,-0.238062835045558,-0.007183797350143,NA
"326",326,4555110000,56097500,0,0,4282380000,91978700,0,0,"D0-F1-cod",4,"D0","F1","cod",26,"D0-F1-cod-4",NA,0.639622086545746,-0.0598734168878468,NA
"327",327,4820960000,190493000,0.00432479,0.0369001,4302230000,198683000,0.00496246,0.0419726,"D0-F1-cod",4,"D0","F1","cod",27,"D0-F1-cod-4",0.147445309483235,0.0429937058054627,-0.107598901463609,0.137465752125333
"328",328,5013280000,128114000,0.00864957,0.0718476,4299450000,94701500,0.0102252,0.0837275,"D0-F1-cod",4,"D0","F1","cod",28,"D0-F1-cod-4",0.182162812717858,-0.26080287868617,-0.14238781795551,0.16534859897895
"329",329,5079700000,194660000,0.0129744,0.104977,4261650000,148386000,0.0155721,0.123481,"D0-F1-cod",4,"D0","F1","cod",29,"D0-F1-cod-4",0.20021735109138,-0.237717045104284,-0.161042974978837,0.176267182335178
"330",330,5079460000,112670000,0.0172991,0.13641,4215090000,75537100,0.0209497,0.160969,"D0-F1-cod",4,"D0","F1","cod",30,"D0-F1-cod-4",0.211028319392338,-0.329572202005858,-0.17016966370441,0.180038120372407
"331",331,5015490000,171363000,0.0216239,0.16626,4126220000,170283000,0.0264158,0.19672,"D0-F1-cod",4,"D0","F1","cod",31,"D0-F1-cod-4",0.221602023686754,-0.00630241067208207,-0.177304710008394,0.183207025141345
"332",332,4914820000,114329000,0.0259487,0.19463,4006900000,95032100,0.0320119,0.231061,"D0-F1-cod",4,"D0","F1","cod",32,"D0-F1-cod-4",0.23366103118846,-0.168783948079665,-0.184731078655983,0.187180804603607
"333",333,4769910000,146458000,0.0302735,0.221615,3855700000,111728000,0.037574,0.263108,"D0-F1-cod",4,"D0","F1","cod",33,"D0-F1-cod-4",0.241151502138834,-0.237132829889798,-0.191661897184643,0.18723010626537
"334",334,4605970000,113798000,0.0345983,0.247302,3705830000,132196000,0.0431392,0.293255,"D0-F1-cod",4,"D0","F1","cod",34,"D0-F1-cod-4",0.246858949717183,0.161672437125433,-0.195428975872617,0.18581734074128
"335",335,4414680000,191606000,0.0389231,0.271773,3530900000,188701000,0.0488723,0.322463,"D0-F1-cod",4,"D0","F1","cod",35,"D0-F1-cod-4",0.255611706159067,-0.0151613206267027,-0.200191180334701,0.186515952651662
"336",336,4212930000,143962000,0.0432479,0.295101,3354690000,117012000,0.0543269,0.348642,"D0-F1-cod",4,"D0","F1","cod",36,"D0-F1-cod-4",0.256174288231336,-0.187202178352621,-0.203715703797595,0.181432797584556
"337",337,4016810000,63984600,0.0475726,0.317357,3208580000,92925200,0.0594219,0.37178,"D0-F1-cod",4,"D0","F1","cod",37,"D0-F1-cod-4",0.249078250925953,0.452305711061724,-0.201211906960996,0.171488260854495
"338",338,3853810000,73368700,0.0518974,0.338603,3096750000,107472000,0.0644977,0.393654,"D0-F1-cod",4,"D0","F1","cod",38,"D0-F1-cod-4",0.242792509836716,0.46482082959082,-0.196444557463912,0.162582729627322
"339",339,3675180000,125671000,0.0562222,0.358898,2972470000,118612000,0.0691567,0.412765,"D0-F1-cod",4,"D0","F1","cod",39,"D0-F1-cod-4",0.230060367612794,-0.0561704768801076,-0.191204240336528,0.150089997715228
"340",340,3452420000,97194800,0.060547,0.378299,2832030000,87897000,0.0731413,0.428418,"D0-F1-cod",4,"D0","F1","cod",40,"D0-F1-cod-4",0.208008654433746,-0.0956614962940404,-0.179697139977175,0.132485150634815
"341",341,3218040000,85231600,0.0648718,0.396855,2690780000,92537100,0.0769461,0.4428,"D0-F1-cod",4,"D0","F1","cod",41,"D0-F1-cod-4",0.186125558409047,0.0857135147058133,-0.163845073398715,0.115772763351854
"342",342,2997670000,107636000,0.0691966,0.414614,2548980000,107323000,0.0808586,0.457044,"D0-F1-cod",4,"D0","F1","cod",42,"D0-F1-cod-4",0.168534292147302,-0.00290794901334126,-0.149679584477277,0.102336148803465
"343",343,2781770000,173186000,0.0735214,0.43162,2399050000,149340000,0.0847174,0.470576,"D0-F1-cod",4,"D0","F1","cod",43,"D0-F1-cod-4",0.152282192667713,-0.137690113519569,-0.137581467914314,0.0902553171771465
"344",344,2579810000,72866300,0.0778462,0.447915,2255110000,90282200,0.0886131,0.483741,"D0-F1-cod",4,"D0","F1","cod",44,"D0-F1-cod-4",0.138309898235238,0.239011724212702,-0.125861982083952,0.0799839255215833
"345",345,2424900000,141036000,0.0821709,0.463537,2139900000,104708000,0.0930257,0.498081,"D0-F1-cod",4,"D0","F1","cod",45,"D0-F1-cod-4",0.132100293412875,-0.257579625060268,-0.117530619819374,0.0745226378908265
"346",346,2310210000,56395300,0.0864957,0.478522,2051250000,85719500,0.0971153,0.510856,"D0-F1-cod",4,"D0","F1","cod",46,"D0-F1-cod-4",0.122776045514401,0.519975955443095,-0.112093705767008,0.067570561019138
"347",347,2202470000,138885000,0.0908205,0.492904,1962240000,132010000,0.102314,0.526417,"D0-F1-cod",4,"D0","F1","cod",47,"D0-F1-cod-4",0.126551824753222,-0.0495013860388091,-0.109072995318892,0.0679909272393813
"348",348,2105060000,113732000,0.0951453,0.506713,1872610000,100066000,0.106754,0.539139,"D0-F1-cod",4,"D0","F1","cod",48,"D0-F1-cod-4",0.122010230668252,-0.120159673618683,-0.110424405955175,0.0639928322344208
"349",349,2000920000,130154000,0.0994701,0.519979,1789140000,130525000,0.111188,0.551347,"D0-F1-cod",4,"D0","F1","cod",49,"D0-F1-cod-4",0.117803239365397,0.00285046944388955,-0.105841312996022,0.0603255131457233
"350",350,1923270000,140244000,0.103795,0.532729,1723640000,157300000,0.116012,0.564098,"D0-F1-cod",4,"D0","F1","cod",50,"D0-F1-cod-4",0.117703164892336,0.121616611049314,-0.103797178763252,0.0588835974763904
"351",351,1859890000,135818000,0.10812,0.544991,1666440000,114257000,0.120759,0.576132,"D0-F1-cod",4,"D0","F1","cod",51,"D0-F1-cod-4",0.116897891231965,-0.15874920849961,-0.104011527563458,0.0571403931441069
"352",352,1818800000,68576200,0.112444,0.556787,1637650000,62652500,0.124465,0.58519,"D0-F1-cod",4,"D0","F1","cod",52,"D0-F1-cod-4",0.106906549037743,-0.0863812809691992,-0.0995986364636024,0.0510123260780154
"353",353,1795580000,108426000,0.116769,0.56814,1628070000,100252000,0.12897,0.595822,"D0-F1-cod",4,"D0","F1","cod",53,"D0-F1-cod-4",0.104488348791203,-0.0753878221090882,-0.0932901903563194,0.0487239060794874
"354",354,1760730000,97371700,0.121094,0.579073,1594040000,116379000,0.134181,0.607625,"D0-F1-cod",4,"D0","F1","cod",54,"D0-F1-cod-4",0.10807306720399,0.19520353449719,-0.0946709603403134,0.0493063914221523
"355",355,1697790000,123604000,0.125419,0.589604,1528260000,109866000,0.140023,0.620265,"D0-F1-cod",4,"D0","F1","cod",55,"D0-F1-cod-4",0.116441687463622,-0.111145270379599,-0.0998533387521425,0.0520027001173668
"356",356,1629520000,116248000,0.129744,0.599753,1461650000,84176400,0.144605,0.629761,"D0-F1-cod",4,"D0","F1","cod",56,"D0-F1-cod-4",0.114540942163029,-0.275889477668433,-0.10301806666994,0.050033930634778
"357",357,1562810000,119324000,0.134068,0.609539,1404140000,116993000,0.149696,0.639908,"D0-F1-cod",4,"D0","F1","cod",57,"D0-F1-cod-4",0.11656771190739,-0.0195350474338775,-0.101528656714508,0.0498228989449403
"358",358,1510310000,113899000,0.138393,0.618977,1345480000,112905000,0.15705,0.653854,"D0-F1-cod",4,"D0","F1","cod",58,"D0-F1-cod-4",0.134811731807245,-0.00872703008806047,-0.109136534883567,0.0563461970315538
"359",359,1467460000,43031700,0.142718,0.628083,1284160000,63606800,0.164672,0.667481,"D0-F1-cod",4,"D0","F1","cod",59,"D0-F1-cod-4",0.153827828304769,0.478138209738402,-0.12490970793071,0.0627273783878883
"360",360,1431710000,37466700,0.147043,0.636874,1235150000,43384400,0.171691,0.67934,"D0-F1-cod",4,"D0","F1","cod",60,"D0-F1-cod-4",0.167624436389356,0.15794558901638,-0.137290373050408,0.0666788093092197
"361",361,1376860000,133259000,0.151368,0.645362,1179230000,162096000,0.176826,0.687622,"D0-F1-cod",4,"D0","F1","cod",61,"D0-F1-cod-4",0.168186142381481,0.216398141964145,-0.143536743023982,0.0654826283543189
"362",362,1278100000,101929000,0.155692,0.653561,1095620000,100991000,0.1814,0.694735,"D0-F1-cod",4,"D0","F1","cod",62,"D0-F1-cod-4",0.165120879685533,-0.00920248408205712,-0.142774430795712,0.0629994751828828
"363",363,1180910000,130320000,0.160017,0.661484,1025230000,128852000,0.181941,0.69556,"D0-F1-cod",4,"D0","F1","cod",63,"D0-F1-cod-4",0.137010442640469,-0.0112645794966237,-0.131830537466869,0.0515144735171221
"364",364,1122510000,103523000,0.164342,0.669143,1003750000,100750000,0.181749,0.695268,"D0-F1-cod",4,"D0","F1","cod",64,"D0-F1-cod-4",0.105919363279016,-0.0267863180162862,-0.105798612039091,0.0390424767202227
"365",365,1089540000,131037000,0.168667,0.67655,997860000,132252000,0.182783,0.696839,"D0-F1-cod",4,"D0","F1","cod",65,"D0-F1-cod-4",0.0836915342064541,0.00927219029739692,-0.0841456027314279,0.0299889143448378
"366",366,1078830000,92980500,0.168667,0.67655,1004790000,87071400,0.180452,0.69328,"D0-F1-cod",4,"D0","F1","cod",66,"D0-F1-cod-4",0.0698714034161987,-0.0635520351041347,-0.0686299046188927,0.0247284014485256
"367",367,1081260000,60933100,0.165867,0.671783,1017220000,69245200,0.176035,0.686367,"D0-F1-cod",4,"D0","F1","cod",67,"D0-F1-cod-4",0.0613021276082645,0.136413542064986,-0.0592271978987478,0.0217093912766473
"368",368,1093370000,190456000,0.163067,0.666912,1034140000,185354000,0.172633,0.680883,"D0-F1-cod",4,"D0","F1","cod",68,"D0-F1-cod-4",0.0586630035506879,-0.0267883395639938,-0.0541719637451183,0.0209487908449692
"369",369,1084660000,94513600,0.160267,0.661933,1027870000,86255000,0.16899,0.674851,"D0-F1-cod",4,"D0","F1","cod",69,"D0-F1-cod-4",0.0544279234028216,-0.0873800172673562,-0.0523574207585787,0.0195155703069646
"370",370,1087860000,58612900,0.157467,0.656845,1034600000,56337400,0.165951,0.66969,"D0-F1-cod",4,"D0","F1","cod",70,"D0-F1-cod-4",0.0538779553811274,-0.0388225117678873,-0.0489585056900704,0.0195556029200192
"371",371,1125880000,84962600,0.154667,0.651642,1070920000,87441900,0.163204,0.664919,"D0-F1-cod",4,"D0","F1","cod",71,"D0-F1-cod-4",0.0551960017327548,0.0291810749671032,-0.048815149038974,0.0203746842591484
"372",372,1134610000,60938500,0.151867,0.646323,1074050000,63160800,0.161078,0.661156,"D0-F1-cod",4,"D0","F1","cod",72,"D0-F1-cod-4",0.06065175449571,0.0364679143726872,-0.053375168560122,0.0229498253968991
"373",373,1116970000,97430200,0.149067,0.640883,1052100000,103386000,0.158724,0.656917,"D0-F1-cod",4,"D0","F1","cod",73,"D0-F1-cod-4",0.0647829499486808,0.0611288902208966,-0.0580767612379921,0.0250186071404609
"374",374,1086400000,137411000,0.146267,0.635319,1021220000,131533000,0.155813,0.651566,"D0-F1-cod",4,"D0","F1","cod",74,"D0-F1-cod-4",0.0652642086048117,-0.0427767791515963,-0.0599963181148748,0.0255729798731031
"375",375,1051170000,160736000,0.143467,0.629627,989828000,159677000,0.152221,0.644788,"D0-F1-cod",4,"D0","F1","cod",75,"D0-F1-cod-4",0.0610175162232429,-0.0065884431614573,-0.058355927204924,0.0240793358607556
"376",376,1045260000,93765800,0.140667,0.623804,989097000,102331000,0.148817,0.638187,"D0-F1-cod",4,"D0","F1","cod",76,"D0-F1-cod-4",0.0579382513311581,0.0913467383630279,-0.0537311290970668,0.0230569217254136
"377",377,1.086e+09,63134900,0.137867,0.617846,1031220000,66709400,0.145291,0.631153,"D0-F1-cod",4,"D0","F1","cod",77,"D0-F1-cod-4",0.0538489993979706,0.0566168632562972,-0.0504419889502762,0.021537729466566
"378",378,1147980000,81177100,0.135067,0.611748,1096720000,77763700,0.141014,0.622349,"D0-F1-cod",4,"D0","F1","cod",78,"D0-F1-cod-4",0.0440299999259627,-0.0420488044041977,-0.044652345859684,0.0173290309081519
"379",379,1182610000,68473700,0.132267,0.605505,1139430000,66721400,0.136898,0.613581,"D0-F1-cod",4,"D0","F1","cod",79,"D0-F1-cod-4",0.0350125125692727,-0.0255908472888131,-0.0365124597289047,0.0133376272697997
"380",380,1186930000,67480400,0.129467,0.599115,1150910000,69191000,0.133451,0.606002,"D0-F1-cod",4,"D0","F1","cod",80,"D0-F1-cod-4",0.0307723203596282,0.0253495829900238,-0.0303471982340997,0.011495288884438
"381",381,1173230000,148116000,0.126667,0.592571,1140920000,156197000,0.130316,0.598921,"D0-F1-cod",4,"D0","F1","cod",81,"D0-F1-cod-4",0.0288078189267922,0.0545585892138594,-0.0275393571592953,0.0107160154648136
"382",382,1143810000,83001600,0.123867,0.585869,1114030000,81967800,0.127215,0.591728,"D0-F1-cod",4,"D0","F1","cod",82,"D0-F1-cod-4",0.0270289907723606,-0.012455181586861,-0.0260357926578715,0.0100005291285254
"383",383,1131650000,86826200,0.121067,0.579005,1106580000,83540900,0.123669,0.583267,"D0-F1-cod",4,"D0","F1","cod",83,"D0-F1-cod-4",0.0214922315742523,-0.037837657296991,-0.0221534926876685,0.00736090361913971
"384",384,1151060000,125387000,0.118267,0.571972,1133530000,125174000,0.119964,0.57415,"D0-F1-cod",4,"D0","F1","cod",84,"D0-F1-cod-4",0.0143488885318813,-0.00169874069879653,-0.0152294406894515,0.00380787870734933
"385",385,1166410000,57079400,0.115467,0.564766,1153250000,54025600,0.116869,0.566307,"D0-F1-cod",4,"D0","F1","cod",85,"D0-F1-cod-4",0.0121419972806083,-0.053500912763624,-0.0112824821460721,0.00272856368832404
"386",386,1191860000,102553000,0.112667,0.557381,1179960000,100580000,0.113999,0.558843,"D0-F1-cod",4,"D0","F1","cod",86,"D0-F1-cod-4",0.0118224502294372,-0.0192388326036293,-0.00998439414025137,0.00262298140769054
"387",387,1219080000,73220900,0.109867,0.54981,1206950000,80331000,0.111184,0.551338,"D0-F1-cod",4,"D0","F1","cod",87,"D0-F1-cod-4",0.0119872209125579,0.0971047883869223,-0.0099501263247695,0.00277914188537854
"388",388,1.23e+09,88025400,0.107067,0.542049,1215060000,92281000,0.108696,0.544546,"D0-F1-cod",4,"D0","F1","cod",88,"D0-F1-cod-4",0.0152147720586176,0.0483451367446214,-0.0121463414634146,0.00460659460676059
"389",389,1240800000,133488000,0.104267,0.53409,1224840000,144508000,0.105634,0.535977,"D0-F1-cod",4,"D0","F1","cod",89,"D0-F1-cod-4",0.0131105718971487,0.0825542370849814,-0.012862669245648,0.00353311239678721
"390",390,1243170000,61541000,0.101467,0.525928,1231270000,59707300,0.102343,0.526502,"D0-F1-cod",4,"D0","F1","cod",90,"D0-F1-cod-4",0.00863334877349288,-0.0297963958986692,-0.00957230306394138,0.00109140414657534
"391",391,1261450000,94077200,0.0986667,0.517554,1258200000,97862100,0.0986255,0.515453,"D0-F1-cod",4,"D0","F1","cod",91,"D0-F1-cod-4",-0.000417567426497402,0.0402318521384565,-0.00257640017440247,-0.00405947978375186
"392",392,1291010000,72811200,0.0958667,0.508962,1299900000,71625900,0.0949734,0.504225,"D0-F1-cod",4,"D0","F1","cod",92,"D0-F1-cod-4",-0.00931814696865543,-0.0162790889313732,0.00688608144011278,-0.0093071781390359
"393",393,1306490000,88650500,0.0930667,0.500145,1324650000,91200800,0.0916274,0.493601,"D0-F1-cod",4,"D0","F1","cod",93,"D0-F1-cod-4",-0.0154652523405257,0.0287680272530894,0.0138998384985725,-0.0130842055803816
"394",394,1319570000,101236000,0.0902667,0.491094,1345530000,106860000,0.0884715,0.483271,"D0-F1-cod",4,"D0","F1","cod",94,"D0-F1-cod-4",-0.0198877326854755,0.0555533604646568,0.0196730753199906,-0.0159297405384712
"395",395,1325540000,66389200,0.0874667,0.481802,1356160000,60734600,0.0854891,0.473222,"D0-F1-cod",4,"D0","F1","cod",95,"D0-F1-cod-4",-0.0226097474810413,-0.085173492074012,0.0231000196146476,-0.0178081452546898
"396",396,1338500000,61087500,0.0846667,0.47226,1373960000,73336400,0.0824642,0.462736,"D0-F1-cod",4,"D0","F1","cod",96,"D0-F1-cod-4",-0.0260137692859176,0.20051401677921,0.0264923421740755,-0.0201668572396562
"397",397,1353090000,127028000,0.0818667,0.46246,1392030000,145196000,0.07967,0.452774,"D0-F1-cod",4,"D0","F1","cod",97,"D0-F1-cod-4",-0.0268326437977834,0.143023585351261,0.0287785734873512,-0.0209445141201401
"398",398,1352520000,206701000,0.0790667,0.452391,1393710000,242760000,0.0765971,0.441503,"D0-F1-cod",4,"D0","F1","cod",98,"D0-F1-cod-4",-0.031234388181118,0.174450051039908,0.0304542631532251,-0.0240676759705653
"399",399,1358650000,67985700,0.0762667,0.442044,1411230000,64854600,0.0731213,0.428341,"D0-F1-cod",4,"D0","F1","cod",99,"D0-F1-cod-4",-0.0412421148417331,-0.0460552733883743,0.038700180326059,-0.0309991765525603
"400",400,1424680000,43180600,0.0734667,0.43141,1504060000,106089000,0.0690529,0.412349,"D0-F1-cod",4,"D0","F1","cod",100,"D0-F1-cod-4",-0.0600789201093828,1.45686720425376,0.0557177752196985,-0.0441830277462275
